Nume,Echipă,Post,M.V. (EUR),Vârstă,Țara campionatului,Competiție,Profil Transfermarkt,Lista sursă
Andrei Rațiu,Rayo Vallecano,Fundaș dreapta,18000000,28,Spania,LaLiga,https://www.transfermarkt.com/andrei-ratiu/profil/spieler/527966,https://www.transfermarkt.com/spieler-statistik/legionaere/statistik/stat/land_id/140/land/157
Radu Drăgușin,ACF Fiorentina,Fundaș central,16000000,24,Italia,Serie A,https://www.transfermarkt.com/radu-dragusin/profil/spieler/568559,https://www.transfermarkt.com/spieler-statistik/legionaere/statistik/stat/land_id/140/land/75
Dennis Man,PSV Eindhoven,Extremă dreapta,15000000,28,Țările de Jos,Eredivisie,https://www.transfermarkt.com/dennis-man/profil/spieler/397486,https://www.transfermarkt.com/spieler-statistik/legionaere/statistik/stat/land_id/140/land/122
Ionuț Radu,Celta de Vigo,Portar,9000000,29,Spania,LaLiga,https://www.transfermarkt.com/ionut-radu/profil/spieler/303657,https://www.transfermarkt.com/spieler-statistik/legionaere/statistik/stat/land_id/140/land/157
Daniel Bîrligea,Frosinone Calcio,Atacant central,4500000,26,Italia,Serie A,https://www.transfermarkt.com/daniel-birligea/profil/spieler/468192,https://www.transfermarkt.com/spieler-statistik/legionaere/statistik/stat/land_id/140/land/75
Darius Olaru,Union Saint-Gilloise,Mijlocaș ofensiv,4500000,28,Belgia,Jupiler Pro League,https://www.transfermarkt.com/darius-olaru/profil/spieler/395800,https://www.transfermarkt.com/spieler-statistik/legionaere/statistik/stat/land_id/140/land/19
Răzvan Marin,AEK Athens,Mijlocaș central,4000000,30,Grecia,Super League 1,https://www.transfermarkt.com/razvan-marin/profil/spieler/295183,https://www.transfermarkt.com/spieler-statistik/legionaere/statistik/stat/land_id/140/land/56
Adrian Șut,Levadiakos,Mijlocaș defensiv,3500000,27,Grecia,Super League 1,https://www.transfermarkt.com/adrian-sut/profil/spieler/433979,https://www.transfermarkt.com/spieler-statistik/legionaere/statistik/stat/land_id/140/land/56
Valentin Mihăilă,Caykur Rizespor,Extremă stânga,3500000,26,Turcia,Süper Lig,https://www.transfermarkt.com/valentin-mihaila/profil/spieler/535469,https://www.transfermarkt.com/spieler-statistik/legionaere/statistik/stat/land_id/140/land/174
Andrei Borza,Corum FK,Fundaș stânga,2500000,20,Turcia,Süper Lig,https://www.transfermarkt.com/andrei-borza/profil/spieler/723826,https://www.transfermarkt.com/spieler-statistik/legionaere/statistik/stat/land_id/140/land/174
Bogdan Racovițan,Raków Częstochowa,Fundaș central,2500000,26,Polonia,PKO BP Ekstraklasa,https://www.transfermarkt.com/bogdan-racovitan/profil/spieler/804134,https://www.transfermarkt.com/spieler-statistik/legionaere/statistik/stat/land_id/140/land/135
Matei Ilie,Kasimpasa,Fundaș central,2500000,23,Turcia,Süper Lig,https://www.transfermarkt.com/matei-ilie/profil/spieler/615930,https://www.transfermarkt.com/spieler-statistik/legionaere/statistik/stat/land_id/140/land/174
Vlad Dragomir,Pafos FC,Mijlocaș ofensiv,2200000,27,Cipru,Cyprus League,https://www.transfermarkt.com/vlad-dragomir/profil/spieler/319213,https://www.transfermarkt.com/spieler-statistik/legionaere/statistik/stat/land_id/140/land/188
Otto Hindrich,Legia Warszawa,Portar,2000000,24,Polonia,PKO BP Ekstraklasa,https://www.transfermarkt.com/otto-hindrich/profil/spieler/744075,https://www.transfermarkt.com/spieler-statistik/legionaere/statistik/stat/land_id/140/land/135
Tony Strata,Vitória Guimarães SC,Fundaș dreapta,2000000,21,Portugalia,Liga Portugal,https://www.transfermarkt.com/tony-strata/profil/spieler/1004681,https://www.transfermarkt.com/spieler-statistik/legionaere/statistik/stat/land_id/140/land/136
Virgil Ghiță,Hannover 96,Fundaș central,2000000,28,Germania,2. Bundesliga,https://www.transfermarkt.com/virgil-ghita/profil/spieler/340977,https://www.transfermarkt.com/spieler-statistik/legionaere/statistik/stat/land_id/140/land/40
Florin Tănase,Omonia Nicosia,Mijlocaș ofensiv,1800000,31,Cipru,Cyprus League,https://www.transfermarkt.com/florin-tanase/profil/spieler/314329,https://www.transfermarkt.com/spieler-statistik/legionaere/statistik/stat/land_id/140/land/188
Horațiu Moldovan,Eyüpspor,Portar,1800000,28,Turcia,Süper Lig,https://www.transfermarkt.com/horatiu-moldovan/profil/spieler/525438,https://www.transfermarkt.com/spieler-statistik/legionaere/statistik/stat/land_id/140/land/174
Ianis Hagi,Alanyaspor,Mijlocaș ofensiv,1800000,27,Turcia,Süper Lig,https://www.transfermarkt.com/ianis-hagi/profil/spieler/282076,https://www.transfermarkt.com/spieler-statistik/legionaere/statistik/stat/land_id/140/land/174
Deian Sorescu,Gaziantep FK,Fundaș dreapta,1500000,29,Turcia,Süper Lig,https://www.transfermarkt.com/deian-sorescu/profil/spieler/379209,https://www.transfermarkt.com/spieler-statistik/legionaere/statistik/stat/land_id/140/land/174
Ianis Stoica,CF Estrela Amadora,Extremă stânga,1500000,23,Portugalia,Liga Portugal,https://www.transfermarkt.com/ianis-stoica/profil/spieler/547754,https://www.transfermarkt.com/spieler-statistik/legionaere/statistik/stat/land_id/140/land/136
Ionuț Nedelcearu,Akron Tolyatti,Fundaș central,1500000,30,Rusia,Premier Liga,https://www.transfermarkt.com/ionut-nedelcearu/profil/spieler/274694,https://www.transfermarkt.com/spieler-statistik/legionaere/statistik/stat/land_id/140/land/141
Lisav Naif Eissat,Bristol City,Fundaș central,1400000,21,Anglia,Championship,https://www.transfermarkt.com/lisav-naif-eissat/profil/spieler/1057319,https://www.transfermarkt.com/spieler-statistik/legionaere/statistik/stat/land_id/140/land/189
Andrei Coubiș,Lincoln City,Fundaș central,1200000,22,Anglia,Championship,https://www.transfermarkt.com/andrei-coubis/profil/spieler/692349,https://www.transfermarkt.com/spieler-statistik/legionaere/statistik/stat/land_id/140/land/189
Marius Corbu,Ferencvárosi TC,Mijlocaș ofensiv,1200000,24,Ungaria,Nemzeti Bajnokság,https://www.transfermarkt.com/marius-corbu/profil/spieler/731431,https://www.transfermarkt.com/spieler-statistik/legionaere/statistik/stat/land_id/140/land/178
Rareș Ilie,Mantova 1911,Mijlocaș ofensiv,1200000,23,Italia,Serie B,https://www.transfermarkt.com/rares-ilie/profil/spieler/812654,https://www.transfermarkt.com/spieler-statistik/legionaere/statistik/stat/land_id/140/land/75
Ioan Vermeșan,Hellas Verona,Atacant central,1000000,19,Italia,Serie B,https://www.transfermarkt.com/ioan-vermesan/profil/spieler/928037,https://www.transfermarkt.com/spieler-statistik/legionaere/statistik/stat/land_id/140/land/75
Mihai Popa,Motor Lublin,Portar,1000000,25,Polonia,PKO BP Ekstraklasa,https://www.transfermarkt.com/mihai-popa/profil/spieler/623412,https://www.transfermarkt.com/spieler-statistik/legionaere/statistik/stat/land_id/140/land/135
Vladislav Blănuță,Lechia Gdansk,Atacant central,1000000,24,Polonia,Betclic 1 Liga,https://www.transfermarkt.com/vladislav-blanuta/profil/spieler/706166,https://www.transfermarkt.com/spieler-statistik/legionaere/statistik/stat/land_id/140/land/135
Enes Sali,FC Andorra,Extremă stânga,900000,20,Andorra,LaLiga2,https://www.transfermarkt.com/enes-sali/profil/spieler/875252,https://www.transfermarkt.com/spieler-statistik/legionaere/statistik/stat/land_id/140/land/5
Valentin Costache,FC Noah Yerevan,Mijlocaș dreapta,900000,28,Armenia,Premier League,https://www.transfermarkt.com/valentin-costache/profil/spieler/341391,https://www.transfermarkt.com/spieler-statistik/legionaere/statistik/stat/land_id/140/land/10
Daniel Paraschiv,Ihud Bnei Sakhnin,Atacant central,800000,27,Israel,Ligat ha'Al,https://www.transfermarkt.com/daniel-paraschiv/profil/spieler/605543,https://www.transfermarkt.com/spieler-statistik/legionaere/statistik/stat/land_id/140/land/74
Denis Radu,Kayserispor,Extremă dreapta,800000,23,Turcia,1.Lig,https://www.transfermarkt.com/denis-radu/profil/spieler/641989,https://www.transfermarkt.com/spieler-statistik/legionaere/statistik/stat/land_id/140/land/174
Alexandru Ișfan,Real Oviedo,Atacant central,750000,26,Spania,LaLiga2,https://www.transfermarkt.com/alexandru-isfan/profil/spieler/672055,https://www.transfermarkt.com/spieler-statistik/legionaere/statistik/stat/land_id/140/land/157
Cătălin Itu,CSKA Sofia,Extremă stânga,750000,26,Bulgaria,efbet Liga,https://www.transfermarkt.com/catalin-itu/profil/spieler/464306,https://www.transfermarkt.com/spieler-statistik/legionaere/statistik/stat/land_id/140/land/28
Alexandru Pantea,Levadiakos,Fundaș dreapta,700000,22,Grecia,Super League 1,https://www.transfermarkt.com/alexandru-pantea/profil/spieler/670828,https://www.transfermarkt.com/spieler-statistik/legionaere/statistik/stat/land_id/140/land/56
Florin Ștefan,Gaziantep FK,Fundaș stânga,700000,30,Turcia,Süper Lig,https://www.transfermarkt.com/florin-stefan/profil/spieler/320637,https://www.transfermarkt.com/spieler-statistik/legionaere/statistik/stat/land_id/140/land/174
Ștefan Vlădoiu,ETO FC,Fundaș dreapta,700000,27,Ungaria,Nemzeti Bajnokság,https://www.transfermarkt.com/stefan-vladoiu/profil/spieler/451603,https://www.transfermarkt.com/spieler-statistik/legionaere/statistik/stat/land_id/140/land/178
Valentin Cojocaru,Pogon Szczecin,Portar,700000,30,Polonia,PKO BP Ekstraklasa,https://www.transfermarkt.com/valentin-cojocaru/profil/spieler/200616,https://www.transfermarkt.com/spieler-statistik/legionaere/statistik/stat/land_id/140/land/135
Kevin Ciubotaru,Dundee United FC,Fundaș stânga,600000,22,Scoția,Scottish Premiership,https://www.transfermarkt.com/kevin-ciubotaru/profil/spieler/710076,https://www.transfermarkt.com/spieler-statistik/legionaere/statistik/stat/land_id/140/land/190
Mihai Căpățînă,Ordabasy Shymkent,Mijlocaș central,600000,30,Kazahstan,Premier Liga,https://www.transfermarkt.com/mihai-capatina/profil/spieler/292201,https://www.transfermarkt.com/spieler-statistik/legionaere/statistik/stat/land_id/140/land/81
Antonio Sefer,Ihud Bnei Sakhnin,Extremă dreapta,500000,26,Israel,Ligat ha'Al,https://www.transfermarkt.com/antonio-sefer/profil/spieler/376571,https://www.transfermarkt.com/spieler-statistik/legionaere/statistik/stat/land_id/140/land/74
Rareș Burnete,FC Südtirol,Atacant central,500000,22,Italia,Serie B,https://www.transfermarkt.com/rares-burnete/profil/spieler/731525,https://www.transfermarkt.com/spieler-statistik/legionaere/statistik/stat/land_id/140/land/75
Raul Bălbărău,Ihud Bnei Sakhnin,Portar,500000,25,Israel,Ligat ha'Al,https://www.transfermarkt.com/raul-balbarau/profil/spieler/900040,https://www.transfermarkt.com/spieler-statistik/legionaere/statistik/stat/land_id/140/land/74
Adrian Caragea,PAOK Thessaloniki B,Extremă stânga,450000,20,Grecia,Super League 2,https://www.transfermarkt.com/adrian-caragea/profil/spieler/723836,https://www.transfermarkt.com/spieler-statistik/legionaere/statistik/stat/land_id/140/land/56
Atanas Trică,AEK Larnaca,Atacant central,450000,22,Cipru,Cyprus League,https://www.transfermarkt.com/atanas-trica/profil/spieler/896370,https://www.transfermarkt.com/spieler-statistik/legionaere/statistik/stat/land_id/140/land/188
Efraim Bödő,ETO FC,Mijlocaș ofensiv,450000,19,Ungaria,Nemzeti Bajnokság,https://www.transfermarkt.com/efraim-bodo/profil/spieler/1304982,https://www.transfermarkt.com/spieler-statistik/legionaere/statistik/stat/land_id/140/land/178
Andrei Dragu,Shafa Baku,Fundaș stânga,400000,26,Azerbaidjan,Premyer Liqa,https://www.transfermarkt.com/andrei-dragu/profil/spieler/536129,https://www.transfermarkt.com/spieler-statistik/legionaere/statistik/stat/land_id/140/land/13
Andrei Toroc,Bologna Primavera,Mijlocaș central,400000,19,Italia,Primavera 1,https://www.transfermarkt.com/andrei-toroc/profil/spieler/1112944,https://www.transfermarkt.com/spieler-statistik/legionaere/statistik/stat/land_id/140/land/75
Claudiu Bumba,ETO FC,Mijlocaș ofensiv,400000,32,Ungaria,Nemzeti Bajnokság,https://www.transfermarkt.com/claudiu-bumba/profil/spieler/186731,https://www.transfermarkt.com/spieler-statistik/legionaere/statistik/stat/land_id/140/land/178
Marco Dulca,Kayserispor,Mijlocaș defensiv,400000,27,Turcia,1.Lig,https://www.transfermarkt.com/marco-dulca/profil/spieler/391445,https://www.transfermarkt.com/spieler-statistik/legionaere/statistik/stat/land_id/140/land/174
Raul Marita,SpVgg Greuther Fürth II,Fundaș stânga,400000,19,Germania,Regionalliga Bayern,https://www.transfermarkt.com/raul-marita/profil/spieler/1034889,https://www.transfermarkt.com/spieler-statistik/legionaere/statistik/stat/land_id/140/land/40
Vasile Mogoș,SSC Bari,Fundaș dreapta,400000,33,Italia,Serie C - Girone C,https://www.transfermarkt.com/vasile-mogos/profil/spieler/324214,https://www.transfermarkt.com/spieler-statistik/legionaere/statistik/stat/land_id/140/land/75
Andrei Florea,MSK Zilina,Mijlocaș central,350000,21,Slovacia,Niké Liga,https://www.transfermarkt.com/andrei-florea/profil/spieler/925843,https://www.transfermarkt.com/spieler-statistik/legionaere/statistik/stat/land_id/140/land/154
Vlad Pop,Shafa Baku,Mijlocaș central,350000,26,Azerbaidjan,Premyer Liqa,https://www.transfermarkt.com/vlad-pop/profil/spieler/341374,https://www.transfermarkt.com/spieler-statistik/legionaere/statistik/stat/land_id/140/land/13
Alexandru Maxim,Gaziantep FK,Mijlocaș ofensiv,300000,36,Turcia,Süper Lig,https://www.transfermarkt.com/alexandru-maxim/profil/spieler/129513,https://www.transfermarkt.com/spieler-statistik/legionaere/statistik/stat/land_id/140/land/174
Andrei Chindriș,Lokomotiv Plovdiv,Fundaș central,300000,27,Bulgaria,efbet Liga,https://www.transfermarkt.com/andrei-chindris/profil/spieler/435731,https://www.transfermarkt.com/spieler-statistik/legionaere/statistik/stat/land_id/140/land/28
Francesco Domniței,Milan Futuro,Atacant central,300000,18,Italia,Serie D - Girone B,https://www.transfermarkt.com/francesco-domnitei/profil/spieler/1185981,https://www.transfermarkt.com/spieler-statistik/legionaere/statistik/stat/land_id/140/land/75
Grigore Turda,FK Zalgiris Vilnius,Fundaș central,300000,29,Lituania,Toplyga,https://www.transfermarkt.com/grigore-turda/profil/spieler/451328,https://www.transfermarkt.com/spieler-statistik/legionaere/statistik/stat/land_id/140/land/98
Mihai Butean,FK Vojvodina Novi Sad,Fundaș dreapta,300000,29,Serbia,Super liga Srbije,https://www.transfermarkt.com/mihai-butean/profil/spieler/375712,https://www.transfermarkt.com/spieler-statistik/legionaere/statistik/stat/land_id/140/land/215
Radu Boboc,Bruk-Bet Termalica Nieciecza,Mijlocaș dreapta,300000,27,Polonia,Betclic 1 Liga,https://www.transfermarkt.com/radu-boboc/profil/spieler/319202,https://www.transfermarkt.com/spieler-statistik/legionaere/statistik/stat/land_id/140/land/135
Antonio David,Cesena FC,Fundaș stânga,275000,22,Italia,Serie B,https://www.transfermarkt.com/antonio-david/profil/spieler/929688,https://www.transfermarkt.com/spieler-statistik/legionaere/statistik/stat/land_id/140/land/75
Darius Oroian,NS Mura,Fundaș dreapta,250000,23,Slovenia,Prva Liga,https://www.transfermarkt.com/darius-oroian/profil/spieler/798249,https://www.transfermarkt.com/spieler-statistik/legionaere/statistik/stat/land_id/140/land/155
Denis Hergheligiu,FC Vado,Mijlocaș central,250000,26,Italia,Serie C - Girone B,https://www.transfermarkt.com/denis-hergheligiu/profil/spieler/392961,https://www.transfermarkt.com/spieler-statistik/legionaere/statistik/stat/land_id/140/land/75
Filip Oprea,Åsane Fotball,Fundaș stânga,250000,20,Norvegia,OBOS-ligaen,https://www.transfermarkt.com/filip-oprea/profil/spieler/1062212,https://www.transfermarkt.com/spieler-statistik/legionaere/statistik/stat/land_id/140/land/125
Ionuț Cojocaru,Sliema Wanderers,Extremă stânga,250000,23,Malta,Premier League Opening Round,https://www.transfermarkt.com/ionut-cojocaru/profil/spieler/901511,https://www.transfermarkt.com/spieler-statistik/legionaere/statistik/stat/land_id/140/land/106
Sebastian Mladen,Athens Kallithea,Fundaș central,250000,34,Grecia,Super League 2,https://www.transfermarkt.com/sebastian-mladen/profil/spieler/96790,https://www.transfermarkt.com/spieler-statistik/legionaere/statistik/stat/land_id/140/land/56
Bogdan Țîru,Cultural Leonesa,Fundaș central,200000,32,Spania,Primera Federación - Grupo I,https://www.transfermarkt.com/bogdan-tiru/profil/spieler/186744,https://www.transfermarkt.com/spieler-statistik/legionaere/statistik/stat/land_id/140/land/157
Deian Boldor,Kispest–Honvéd FC,Fundaș central,200000,31,Ungaria,Nemzeti Bajnokság,https://www.transfermarkt.com/deian-boldor/profil/spieler/239570,https://www.transfermarkt.com/spieler-statistik/legionaere/statistik/stat/land_id/140/land/178
Francesco Șerban,SS Arezzo,Portar,200000,18,Italia,Serie B,https://www.transfermarkt.com/francesco-serban/profil/spieler/1477745,https://www.transfermarkt.com/spieler-statistik/legionaere/statistik/stat/land_id/140/land/75
Mihai Gușu,UC AlbinoLeffe,Mijlocaș dreapta,200000,29,Italia,Serie C - Girone A,https://www.transfermarkt.com/mihai-gusu/profil/spieler/329309,https://www.transfermarkt.com/spieler-statistik/legionaere/statistik/stat/land_id/140/land/75
Paul Anton,ETO FC,Mijlocaș central,200000,35,Ungaria,Nemzeti Bajnokság,https://www.transfermarkt.com/paul-anton/profil/spieler/123286,https://www.transfermarkt.com/spieler-statistik/legionaere/statistik/stat/land_id/140/land/178
Darian Hrom,ASD Chisola Calcio,Atacant central,175000,22,Italia,Serie D - Girone A,https://www.transfermarkt.com/darian-hrom/profil/spieler/1182590,https://www.transfermarkt.com/spieler-statistik/legionaere/statistik/stat/land_id/140/land/75
Alexandru Borbei,US Lecce,Portar,150000,23,Italia,Serie A,https://www.transfermarkt.com/alexandru-borbei/profil/spieler/667640,https://www.transfermarkt.com/spieler-statistik/legionaere/statistik/stat/land_id/140/land/75
Darius Fustos,Real Ávila CF,Atacant central,150000,23,Spania,Segunda Federación - Grupo V,https://www.transfermarkt.com/darius-fustos/profil/spieler/1048582,https://www.transfermarkt.com/spieler-statistik/legionaere/statistik/stat/land_id/140/land/157
Emanuel Marincău,1.FSV Mainz 05 II,Fundaș central,150000,20,Germania,Regionalliga Südwest,https://www.transfermarkt.com/emanuel-marincau/profil/spieler/926931,https://www.transfermarkt.com/spieler-statistik/legionaere/statistik/stat/land_id/140/land/40
Jose-Andrei Rostas,SV Kapfenberg,Atacant central,150000,18,Austria,2. Liga,https://www.transfermarkt.com/jose-andrei-rostas/profil/spieler/1286749,https://www.transfermarkt.com/spieler-statistik/legionaere/statistik/stat/land_id/140/land/127
Marco Rus,Ayr United FC,Mijlocaș stânga,150000,23,Scoția,Scottish Championship,https://www.transfermarkt.com/marco-rus/profil/spieler/666467,https://www.transfermarkt.com/spieler-statistik/legionaere/statistik/stat/land_id/140/land/190
Nandor Tamas,KFC Komarno,Extremă dreapta,150000,25,Slovacia,Niké Liga,https://www.transfermarkt.com/nandor-tamas/profil/spieler/535468,https://www.transfermarkt.com/spieler-statistik/legionaere/statistik/stat/land_id/140/land/154
Alessio Marcu,US Grosseto 1912,Portar,125000,19,Italia,Serie C - Girone B,https://www.transfermarkt.com/alessio-marcu/profil/spieler/1124103,https://www.transfermarkt.com/spieler-statistik/legionaere/statistik/stat/land_id/140/land/75
Áron Girsik,Karcagi SC,Extremă stânga,125000,25,Ungaria,Nemzeti Bajnokság II.,https://www.transfermarkt.com/aron-girsik/profil/spieler/675507,https://www.transfermarkt.com/spieler-statistik/legionaere/statistik/stat/land_id/140/land/178
Bogdan Stăuciuc,FC Crotone,Atacant central,125000,24,Italia,Serie C - Girone C,https://www.transfermarkt.com/bogdan-stauciuc/profil/spieler/710337,https://www.transfermarkt.com/spieler-statistik/legionaere/statistik/stat/land_id/140/land/75
Gabriel Bugli,Atalanta U23,Portar,125000,18,Italia,Serie C - Girone B,https://www.transfermarkt.com/gabriel-bugli/profil/spieler/1170822,https://www.transfermarkt.com/spieler-statistik/legionaere/statistik/stat/land_id/140/land/75
Răzvan Pașcalău,Cosenza Calcio,Fundaș central,125000,22,Italia,Serie C - Girone C,https://www.transfermarkt.com/razvan-pascalau/profil/spieler/709671,https://www.transfermarkt.com/spieler-statistik/legionaere/statistik/stat/land_id/140/land/75
Denis Lorint,Admira Wacker,Extremă dreapta,100000,20,Austria,2. Liga,https://www.transfermarkt.com/denis-lorint/profil/spieler/905561,https://www.transfermarkt.com/spieler-statistik/legionaere/statistik/stat/land_id/140/land/127
Denis Șandro,Sassuolo Primavera,Atacant central,100000,20,Italia,Primavera 1,https://www.transfermarkt.com/denis-sandro/profil/spieler/1100803,https://www.transfermarkt.com/spieler-statistik/legionaere/statistik/stat/land_id/140/land/75
Iustin Doicaru,Caykur Rizespor,Extremă dreapta,100000,19,Turcia,Süper Lig,https://www.transfermarkt.com/iustin-doicaru/profil/spieler/1050693,https://www.transfermarkt.com/spieler-statistik/legionaere/statistik/stat/land_id/140/land/174
Orlando Bita,Lentigione Calcio,Fundaș central,100000,20,Italia,Serie D - Girone D,https://www.transfermarkt.com/orlando-bita/profil/spieler/1297383,https://www.transfermarkt.com/spieler-statistik/legionaere/statistik/stat/land_id/140/land/75
Gabriele Boloca,UC AlbinoLeffe,Fundaș central,75000,25,Italia,Serie C - Girone A,https://www.transfermarkt.com/gabriele-boloca/profil/spieler/458614,https://www.transfermarkt.com/spieler-statistik/legionaere/statistik/stat/land_id/140/land/75
Andrei Anton,SSD Imperia 1923,Fundaș central,50000,23,Italia,Serie D - Girone A,https://www.transfermarkt.com/andrei-anton/profil/spieler/704729,https://www.transfermarkt.com/spieler-statistik/legionaere/statistik/stat/land_id/140/land/75
Florin Andone,CD Atlético Baleares,Atacant central,50000,33,Spania,Segunda Federación - Grupo III,https://www.transfermarkt.com/florin-andone/profil/spieler/177065,https://www.transfermarkt.com/spieler-statistik/legionaere/statistik/stat/land_id/140/land/157
Gabriel Dănuleasă,MFK Bytca,Fundaș central,50000,23,Slovacia,II. Liga,https://www.transfermarkt.com/gabriel-danuleasa/profil/spieler/666434,https://www.transfermarkt.com/spieler-statistik/legionaere/statistik/stat/land_id/140/land/154
Krisztián Székely,Tiszafüredi VSE	,Mijlocaș central,50000,27,Ungaria,,https://www.transfermarkt.com/krisztian-szekely/profil/spieler/832462,https://www.transfermarkt.com/spieler-statistik/legionaere/statistik/stat/land_id/140/land/178
Liviu Antal,FK Zalgiris Vilnius,Extremă dreapta,50000,37,Lituania,Toplyga,https://www.transfermarkt.com/liviu-antal/profil/spieler/123256,https://www.transfermarkt.com/spieler-statistik/legionaere/statistik/stat/land_id/140/land/98
Mădălin Țandără,ASD Digiesse PraiaTortora,Atacant central,50000,28,Italia,Serie D - Girone I,https://www.transfermarkt.com/madalin-tandara/profil/spieler/400829,https://www.transfermarkt.com/spieler-statistik/legionaere/statistik/stat/land_id/140/land/75
Patrick Vuc,1. FC Lokomotive Leipzig,Extremă dreapta,50000,22,Germania,Regionalliga Northeast,https://www.transfermarkt.com/patrick-vuc/profil/spieler/1028683,https://www.transfermarkt.com/spieler-statistik/legionaere/statistik/stat/land_id/140/land/40
Robert Drăgoi,Imolese Calcio 1919,Mijlocaș central,50000,18,Italia,,https://www.transfermarkt.com/robert-dragoi/profil/spieler/1234306,https://www.transfermarkt.com/spieler-statistik/legionaere/statistik/stat/land_id/140/land/75/page/2
Robert Jălade,Sevilla Atlético,Fundaș central,50000,21,Spania,Segunda Federación - Grupo IV,https://www.transfermarkt.com/robert-jalade/profil/spieler/1060645,https://www.transfermarkt.com/spieler-statistik/legionaere/statistik/stat/land_id/140/land/157
Tommaso Nistor,Mezzolara Calcio,Fundaș central,50000,19,Italia,Serie D - Girone E,https://www.transfermarkt.com/tommaso-nistor/profil/spieler/1001920,https://www.transfermarkt.com/spieler-statistik/legionaere/statistik/stat/land_id/140/land/75
Vlad Duminică,Luparense FC,Fundaș dreapta,50000,20,Italia,Serie D - Girone C,https://www.transfermarkt.com/vlad-duminica/profil/spieler/1113084,https://www.transfermarkt.com/spieler-statistik/legionaere/statistik/stat/land_id/140/land/75
Gabriele Bârlădeanu,Real Monterotondo,Portar,25000,18,Italia,,https://www.transfermarkt.com/gabriele-barladeanu/profil/spieler/1430626,https://www.transfermarkt.com/spieler-statistik/legionaere/statistik/stat/land_id/140/land/75/page/2
Lóránd Bencze,Puskás Akadémia FC II,Fundaș stânga,25000,17,Ungaria,,https://www.transfermarkt.com/lorand-bencze/profil/spieler/1375842,https://www.transfermarkt.com/spieler-statistik/legionaere/statistik/stat/land_id/140/land/178
Luca Lois Niculae,Sant'Angelo,Extremă dreapta,25000,19,Italia,Serie D - Girone D,https://www.transfermarkt.com/luca-lois-niculae/profil/spieler/1456343,https://www.transfermarkt.com/spieler-statistik/legionaere/statistik/stat/land_id/140/land/75/page/2
Marian Găldean,FC Pompei,Mijlocaș defensiv,25000,37,Italia,,https://www.transfermarkt.com/marian-galdean/profil/spieler/248411,https://www.transfermarkt.com/spieler-statistik/legionaere/statistik/stat/land_id/140/land/75/page/2
Rareș Mezdrea,Coruxo FC,Mijlocaș central,25000,24,Spania,Segunda Federación - Grupo I,https://www.transfermarkt.com/rares-mezdrea/profil/spieler/1005704,https://www.transfermarkt.com/spieler-statistik/legionaere/statistik/stat/land_id/140/land/157
Roland Gergely,Karcagi SC,Portar,25000,21,Ungaria,Nemzeti Bajnokság II.,https://www.transfermarkt.com/roland-gergely/profil/spieler/1125872,https://www.transfermarkt.com/spieler-statistik/legionaere/statistik/stat/land_id/140/land/178
Andrei Lungu,ASD Pro Eureka,Atacant central,10000,19,Italia,,https://www.transfermarkt.com/andrei-lungu/profil/spieler/1453318,https://www.transfermarkt.com/spieler-statistik/legionaere/statistik/stat/land_id/140/land/75/page/2
Andrei Racu,FC Bassano,Fundaș central,10000,19,Italia,Serie D - Girone C,https://www.transfermarkt.com/andrei-racu/profil/spieler/988991,https://www.transfermarkt.com/spieler-statistik/legionaere/statistik/stat/land_id/140/land/75/page/2
Demian Popovici,ASD Digiesse PraiaTortora,Fundaș central,10000,24,Italia,Serie D - Girone I,https://www.transfermarkt.com/demian-popovici/profil/spieler/696610,https://www.transfermarkt.com/spieler-statistik/legionaere/statistik/stat/land_id/140/land/75/page/2
Kevin Olah,Atlètic Club d'Escaldes,Mijlocaș,10000,23,Andorra,Primera Divisió,https://www.transfermarkt.com/kevin-olah/profil/spieler/1143737,https://www.transfermarkt.com/spieler-statistik/legionaere/statistik/stat/land_id/140/land/5
Leonardo Stîngaciu,AlbinoLeffe Primavera,Mijlocaș stânga,10000,20,Italia,Primavera 1,https://www.transfermarkt.com/leonardo-stingaciu/profil/spieler/1060120,https://www.transfermarkt.com/spieler-statistik/legionaere/statistik/stat/land_id/140/land/75/page/2
Troy Tomșa,Sassuolo Primavera,Mijlocaș defensiv,10000,19,Italia,Primavera 1,https://www.transfermarkt.com/troy-tomsa/profil/spieler/1100802,https://www.transfermarkt.com/spieler-statistik/legionaere/statistik/stat/land_id/140/land/75/page/2
Abel-Cristian Petac,Lichtenauer FV,Fundaș dreapta,,29,Germania,Verbandsliga Hessen-Nord,https://www.transfermarkt.com/abel-cristian-petac/profil/spieler/1293882,https://www.transfermarkt.com/spieler-statistik/legionaere/statistik/stat/land_id/140/land/40/page/13
Adelin Sîrbu,UD Alboraya U19,Extremă stânga,,18,Spania,,https://www.transfermarkt.com/adelin-sirbu/profil/spieler/1237615,https://www.transfermarkt.com/spieler-statistik/legionaere/statistik/stat/land_id/140/land/157/page/2
Adonis Ghiban,Badener AC,Atacant,,21,Austria,,https://www.transfermarkt.com/adonis-ghiban/profil/spieler/1025477,https://www.transfermarkt.com/spieler-statistik/legionaere/statistik/stat/land_id/140/land/127/page/2
Adrian Atomei,Acqui US 1911,Atacant central,,34,Italia,,https://www.transfermarkt.com/adrian-atomei/profil/spieler/324215,https://www.transfermarkt.com/spieler-statistik/legionaere/statistik/stat/land_id/140/land/75/page/3
Adrian Balea,SG Bruchweiler,Fundaș dreapta,,38,Germania,,https://www.transfermarkt.com/adrian-balea/profil/spieler/466655,https://www.transfermarkt.com/spieler-statistik/legionaere/statistik/stat/land_id/140/land/40/page/3
Adrian Cabuz,Hellas United,Atacant,,,Germania,,https://www.transfermarkt.com/adrian-cabuz/profil/spieler/1438911,https://www.transfermarkt.com/spieler-statistik/legionaere/statistik/stat/land_id/140/land/40/page/15
Adrian Chiriac,Bioimis Tombolo Calcio,Mijlocaș defensiv,,24,Italia,,https://www.transfermarkt.com/adrian-chiriac/profil/spieler/677148,https://www.transfermarkt.com/spieler-statistik/legionaere/statistik/stat/land_id/140/land/75/page/3
Adrian Chirvase,SV Lichtenberg,Atacant,,27,Germania,,https://www.transfermarkt.com/adrian-chirvase/profil/spieler/1443837,https://www.transfermarkt.com/spieler-statistik/legionaere/statistik/stat/land_id/140/land/40/page/15
Adrian Cimpean,TSV Altenstadt II,Mijlocaș stânga,,42,Austria,,https://www.transfermarkt.com/adrian-cimpean/profil/spieler/279253,https://www.transfermarkt.com/spieler-statistik/legionaere/statistik/stat/land_id/140/land/127
Adrian Grigore-Huideș,UD Calpe,Fundaș central,,22,Spania,,https://www.transfermarkt.com/adrian-grigore-huides/profil/spieler/710072,https://www.transfermarkt.com/spieler-statistik/legionaere/statistik/stat/land_id/140/land/157
Adrian Guica,UD Vista Alegre Barcelona,Mijlocaș central,,26,Spania,,https://www.transfermarkt.com/adrian-guica/profil/spieler/699910,https://www.transfermarkt.com/spieler-statistik/legionaere/statistik/stat/land_id/140/land/157/page/2
Adrian Hurdubei,FC Romania,Mijlocaș ofensiv,,36,Anglia,,https://www.transfermarkt.com/adrian-hurdubei/profil/spieler/213775,https://www.transfermarkt.com/spieler-statistik/legionaere/statistik/stat/land_id/140/land/189
Adrian Leucian,SpVgg Durlach-Aue II,Fundaș,,46,Germania,,https://www.transfermarkt.com/adrian-leucian/profil/spieler/728035,https://www.transfermarkt.com/spieler-statistik/legionaere/statistik/stat/land_id/140/land/40/page/8
Adrian Marinaș,Nagyecsed Rákóczi SE,Mijlocaș ofensiv,,38,Ungaria,,https://www.transfermarkt.com/adrian-marinas/profil/spieler/168366,https://www.transfermarkt.com/spieler-statistik/legionaere/statistik/stat/land_id/140/land/178
Adrian Nicolae Radu,VfR Heilbronn 96/18,Atacant,,30,Germania,,https://www.transfermarkt.com/adrian-nicolae-radu/profil/spieler/1041392,https://www.transfermarkt.com/spieler-statistik/legionaere/statistik/stat/land_id/140/land/40/page/10
Adrian Oancea,SD Formentera,Atacant central,,23,Spania,,https://www.transfermarkt.com/adrian-oancea/profil/spieler/1113175,https://www.transfermarkt.com/spieler-statistik/legionaere/statistik/stat/land_id/140/land/157/page/2
Adrian Puțanu,FC Alemannia Wilferdingen,Fundaș central,,32,Germania,,https://www.transfermarkt.com/adrian-putanu/profil/spieler/186740,https://www.transfermarkt.com/spieler-statistik/legionaere/statistik/stat/land_id/140/land/40
Adrian Raducu Bungiac,FC Huttenheim,Mijlocaș,,39,Germania,,https://www.transfermarkt.com/adrian-raducu-bungiac/profil/spieler/164324,https://www.transfermarkt.com/spieler-statistik/legionaere/statistik/stat/land_id/140/land/40/page/4
Adrian Simioanca,Eintracht Bad Kreuznach II,Fundaș central,,41,Germania,,https://www.transfermarkt.com/adrian-simioanca/profil/spieler/369136,https://www.transfermarkt.com/spieler-statistik/legionaere/statistik/stat/land_id/140/land/40/page/4
Adrian Stamin,SV Marzling,Atacant,,32,Germania,,https://www.transfermarkt.com/adrian-stamin/profil/spieler/728967,https://www.transfermarkt.com/spieler-statistik/legionaere/statistik/stat/land_id/140/land/40/page/8
Adrian Tache,PFC Victoria London,Mijlocaș central,,34,Anglia,,https://www.transfermarkt.com/adrian-tache/profil/spieler/213130,https://www.transfermarkt.com/spieler-statistik/legionaere/statistik/stat/land_id/140/land/189
Adrian Țenea,FV Biberach/Riß,Fundaș,,22,Germania,,https://www.transfermarkt.com/adrian-tenea/profil/spieler/1176999,https://www.transfermarkt.com/spieler-statistik/legionaere/statistik/stat/land_id/140/land/40/page/12
Adrian-Ionel Țăranu,Red Stars Mönchengladbach,Mijlocaș,,36,Germania,,https://www.transfermarkt.com/adrian-ionel-taranu/profil/spieler/633594,https://www.transfermarkt.com/spieler-statistik/legionaere/statistik/stat/land_id/140/land/40/page/6
Adrian-Nicolae Rotaru,FC Riensberg,Portar,,37,Germania,,https://www.transfermarkt.com/adrian-nicolae-rotaru/profil/spieler/753544,https://www.transfermarkt.com/spieler-statistik/legionaere/statistik/stat/land_id/140/land/40/page/8
Adrian-Viorel Ignat,TSV Grunbach,Fundaș,,32,Germania,,https://www.transfermarkt.com/adrian-viorel-ignat/profil/spieler/942885,https://www.transfermarkt.com/spieler-statistik/legionaere/statistik/stat/land_id/140/land/40/page/10
Adriano Ceapaliga,Real Murcia U19,Mijlocaș defensiv,,17,Spania,,https://www.transfermarkt.com/adriano-ceapaliga/profil/spieler/1487130,https://www.transfermarkt.com/spieler-statistik/legionaere/statistik/stat/land_id/140/land/157/page/3
Ahmet Ekmekci,Alanya 1221 FSK,Atacant central,,22,Turcia,3.Lig Grup 2,https://www.transfermarkt.com/ahmet-ekmekci/profil/spieler/1153963,https://www.transfermarkt.com/spieler-statistik/legionaere/statistik/stat/land_id/140/land/174
Albert Niculăesei,Elche CF U19,Fundaș stânga,,18,Spania,,https://www.transfermarkt.com/albert-niculaesei/profil/spieler/1196497,https://www.transfermarkt.com/spieler-statistik/legionaere/statistik/stat/land_id/140/land/157/page/2
Albert Radu,Málaga CF Youth,Mijlocaș central,,18,Spania,,https://www.transfermarkt.com/albert-radu/profil/spieler/1060696,https://www.transfermarkt.com/spieler-statistik/legionaere/statistik/stat/land_id/140/land/157/page/2
Alberto Olteanu,Real Forio 2014,Extremă stânga,,18,Italia,Serie D - Girone H,https://www.transfermarkt.com/alberto-olteanu/profil/spieler/1060700,https://www.transfermarkt.com/spieler-statistik/legionaere/statistik/stat/land_id/140/land/75/page/4
Aleksander Mitrović,FK Sloboda Tuzla,Portar,,23,Bosnia și Herțegovina,Prva liga FBiH,https://www.transfermarkt.com/aleksander-mitrovic/profil/spieler/608470,https://www.transfermarkt.com/spieler-statistik/legionaere/statistik/stat/land_id/140/land/24
Alessandro Chira,Parma Under 18,Atacant central,,17,Italia,Campionato Under 18,https://www.transfermarkt.com/alessandro-chira/profil/spieler/1395717,https://www.transfermarkt.com/spieler-statistik/legionaere/statistik/stat/land_id/140/land/75/page/6
Alessandro Năstase,Tropical Coriano,Fundaș central,,21,Italia,Serie D - Girone D,https://www.transfermarkt.com/alessandro-nastase/profil/spieler/1034691,https://www.transfermarkt.com/spieler-statistik/legionaere/statistik/stat/land_id/140/land/75/page/4
Alex Asiu,FC Lustenau II,Fundaș,,28,Austria,,https://www.transfermarkt.com/alex-asiu/profil/spieler/373873,https://www.transfermarkt.com/spieler-statistik/legionaere/statistik/stat/land_id/140/land/127/page/2
Alex Bolovan,Braintree Town,Mijlocaș central,,21,Anglia,National League South,https://www.transfermarkt.com/alex-bolovan/profil/spieler/1565619,https://www.transfermarkt.com/spieler-statistik/legionaere/statistik/stat/land_id/140/land/189/page/2
Alex Lazăr,Paiporta CF,Mijlocaș central,,35,Spania,,https://www.transfermarkt.com/alex-lazar/profil/spieler/147995,https://www.transfermarkt.com/spieler-statistik/legionaere/statistik/stat/land_id/140/land/157
Alex Manolache,ACD San Stino,Fundaș stânga,,30,Italia,,https://www.transfermarkt.com/alex-manolache/profil/spieler/285922,https://www.transfermarkt.com/spieler-statistik/legionaere/statistik/stat/land_id/140/land/75/page/2
Alex Ripas,VfL Pfullingen II,Mijlocaș dreapta,,23,Germania,,https://www.transfermarkt.com/alex-ripas/profil/spieler/959356,https://www.transfermarkt.com/spieler-statistik/legionaere/statistik/stat/land_id/140/land/40/page/10
Alex Urcan,Club Gimnàstic Manresa U19,Fundaș,,19,Spania,,https://www.transfermarkt.com/alex-urcan/profil/spieler/1473149,https://www.transfermarkt.com/spieler-statistik/legionaere/statistik/stat/land_id/140/land/157/page/3
Alexander Adrian Radu,Sant'Ermete Calcio,Fundaș central,,30,Italia,,https://www.transfermarkt.com/alexander-adrian-radu/profil/spieler/1039348,https://www.transfermarkt.com/spieler-statistik/legionaere/statistik/stat/land_id/140/land/75/page/4
Alexander Hotea-Mironescu,SV Solingen 08/10,Extremă dreapta,,22,Germania,Landesliga Niederrhein - Gruppe 2,https://www.transfermarkt.com/alexander-hotea-mironescu/profil/spieler/1117043,https://www.transfermarkt.com/spieler-statistik/legionaere/statistik/stat/land_id/140/land/40/page/11
Alexander Kimmel,FC Germania Forst,Fundaș,,40,Germania,,https://www.transfermarkt.com/alexander-kimmel/profil/spieler/271194,https://www.transfermarkt.com/spieler-statistik/legionaere/statistik/stat/land_id/140/land/40/page/4
Alexander Plaianu,SV Melverode/Heidberg,Mijlocaș,,,Germania,,https://www.transfermarkt.com/alexander-plaianu/profil/spieler/605076,https://www.transfermarkt.com/spieler-statistik/legionaere/statistik/stat/land_id/140/land/40/page/6
Alexander Valentin Enea,VfR Hausen II,Portar,,28,Germania,,https://www.transfermarkt.com/alexander-valentin-enea/profil/spieler/1405702,https://www.transfermarkt.com/spieler-statistik/legionaere/statistik/stat/land_id/140/land/40/page/14
Alexandru Ariton,SSV Boppard,Portar,,36,Germania,,https://www.transfermarkt.com/alexandru-ariton/profil/spieler/535215,https://www.transfermarkt.com/spieler-statistik/legionaere/statistik/stat/land_id/140/land/40/page/5
Alexandru Baciu,Gullfálkinn,Mijlocaș,,,Islanda,,https://www.transfermarkt.com/alexandru-baciu/profil/spieler/991824,https://www.transfermarkt.com/spieler-statistik/legionaere/statistik/stat/land_id/140/land/73
Alexandru Baron,Rayo Vallecano C,Mijlocaș central,,22,Spania,,https://www.transfermarkt.com/alexandru-baron/profil/spieler/1520348,https://www.transfermarkt.com/spieler-statistik/legionaere/statistik/stat/land_id/140/land/157/page/3
Alexandru Batir,SV Marzling,Atacant,,33,Germania,,https://www.transfermarkt.com/alexandru-batir/profil/spieler/728974,https://www.transfermarkt.com/spieler-statistik/legionaere/statistik/stat/land_id/140/land/40/page/8
Alexandru Burnescu,USD Vanchiglia 1915,Atacant secund,,19,Italia,,https://www.transfermarkt.com/alexandru-burnescu/profil/spieler/1302594,https://www.transfermarkt.com/spieler-statistik/legionaere/statistik/stat/land_id/140/land/75/page/5
Alexandru Dăescu,1.FC Düren,Mijlocaș defensiv,,35,Germania,Mittelrheinliga,https://www.transfermarkt.com/alexandru-daescu/profil/spieler/236121,https://www.transfermarkt.com/spieler-statistik/legionaere/statistik/stat/land_id/140/land/40/page/2
Alexandru Epuraru,FC Villarreal Youth,Mijlocaș,,,Spania,,https://www.transfermarkt.com/alexandru-epuraru/profil/spieler/1552952,https://www.transfermarkt.com/spieler-statistik/legionaere/statistik/stat/land_id/140/land/157/page/3
Alexandru Eugen Chiţu,Rissener SV,Atacant,,,Germania,,https://www.transfermarkt.com/alexandru-eugen-chitu/profil/spieler/948661,https://www.transfermarkt.com/spieler-statistik/legionaere/statistik/stat/land_id/140/land/40/page/10
Alexandru Fekete,SK Waldkraiburg,Portar,,,Germania,,https://www.transfermarkt.com/alexandru-fekete/profil/spieler/729762,https://www.transfermarkt.com/spieler-statistik/legionaere/statistik/stat/land_id/140/land/40/page/8
Alexandru Ghiță,SV Hausach,Mijlocaș defensiv,,35,Germania,,https://www.transfermarkt.com/alexandru-ghita/profil/spieler/93516,https://www.transfermarkt.com/spieler-statistik/legionaere/statistik/stat/land_id/140/land/40/page/3
Alexandru Hîrtopeanu,Rot-Weiß Oberhausen U19,Mijlocaș ofensiv,,18,Germania,U19 DFB-Nachwuchsliga - Vorrunde Gruppe H,https://www.transfermarkt.com/alexandru-hirtopeanu/profil/spieler/1060698,https://www.transfermarkt.com/spieler-statistik/legionaere/statistik/stat/land_id/140/land/40/page/11
Alexandru Iacob,Camaiore Calcio,Fundaș stânga,,21,Italia,,https://www.transfermarkt.com/alexandru-iacob/profil/spieler/994142,https://www.transfermarkt.com/spieler-statistik/legionaere/statistik/stat/land_id/140/land/75/page/4
Alexandru Iloie,CF Cubelles,Fundaș stânga,,30,Spania,,https://www.transfermarkt.com/alexandru-iloie/profil/spieler/223732,https://www.transfermarkt.com/spieler-statistik/legionaere/statistik/stat/land_id/140/land/157
Alexandru Ioniță,Chievo Verona,Fundaș central,,18,Italia,Serie D - Girone B,https://www.transfermarkt.com/alexandru-ionita/profil/spieler/1182472,https://www.transfermarkt.com/spieler-statistik/legionaere/statistik/stat/land_id/140/land/75/page/4
Alexandru Kohonicz,SC Landshut-Berg,Mijlocaș,,33,Germania,,https://www.transfermarkt.com/alexandru-kohonicz/profil/spieler/438507,https://www.transfermarkt.com/spieler-statistik/legionaere/statistik/stat/land_id/140/land/40/page/5
Alexandru Leucuta,TSU Handenberg,Extremă dreapta,,38,Austria,,https://www.transfermarkt.com/alexandru-leucuta/profil/spieler/48732,https://www.transfermarkt.com/spieler-statistik/legionaere/statistik/stat/land_id/140/land/127
Alexandru Lica,Rot-Weiß Cuxhaven,Mijlocaș,,33,Germania,,https://www.transfermarkt.com/alexandru-lica/profil/spieler/1506284,https://www.transfermarkt.com/spieler-statistik/legionaere/statistik/stat/land_id/140/land/40/page/16
Alexandru Liuba,UFC Markt Allhau,Atacant,,19,Austria,,https://www.transfermarkt.com/alexandru-liuba/profil/spieler/1072915,https://www.transfermarkt.com/spieler-statistik/legionaere/statistik/stat/land_id/140/land/127/page/2
Alexandru Martinas,Alki Larnaca 1948,Mijlocaș dreapta,,26,Cipru,,https://www.transfermarkt.com/alexandru-martinas/profil/spieler/1411209,https://www.transfermarkt.com/spieler-statistik/legionaere/statistik/stat/land_id/140/land/188
Alexandru Mihai,Bala Town FC U21,Portar,,18,Țara Galilor,,https://www.transfermarkt.com/alexandru-mihai/profil/spieler/1436880,https://www.transfermarkt.com/spieler-statistik/legionaere/statistik/stat/land_id/140/land/191
Alexandru Miloiu,Lazio Under 18,Fundaș central,,17,Italia,Campionato Under 18,https://www.transfermarkt.com/alexandru-miloiu/profil/spieler/1204448,https://www.transfermarkt.com/spieler-statistik/legionaere/statistik/stat/land_id/140/land/75/page/5
Alexandru Mocanu,CD Caspe,Atacant,,20,Spania,,https://www.transfermarkt.com/alexandru-mocanu/profil/spieler/1547502,https://www.transfermarkt.com/spieler-statistik/legionaere/statistik/stat/land_id/140/land/157/page/3
Alexandru Ologu,FC Lye Town,Mijlocaș central,,37,Anglia,,https://www.transfermarkt.com/alexandru-ologu/profil/spieler/105682,https://www.transfermarkt.com/spieler-statistik/legionaere/statistik/stat/land_id/140/land/189
Alexandru Olteanu,Vorwärts Nordhorn,Fundaș dreapta,,26,Germania,Oberliga Niedersachsen,https://www.transfermarkt.com/alexandru-olteanu/profil/spieler/565088,https://www.transfermarkt.com/spieler-statistik/legionaere/statistik/stat/land_id/140/land/40/page/3
Alexandru Paraschiv,VfR Mannheim,Mijlocaș ofensiv,,27,Germania,Regionalliga Südwest,https://www.transfermarkt.com/alexandru-paraschiv/profil/spieler/415878,https://www.transfermarkt.com/spieler-statistik/legionaere/statistik/stat/land_id/140/land/40/page/3
Alexandru Paraschiv,Afríka Reykjavík,Fundaș central,,,Islanda,,https://www.transfermarkt.com/alexandru-paraschiv/profil/spieler/1251038,https://www.transfermarkt.com/spieler-statistik/legionaere/statistik/stat/land_id/140/land/73
Alexandru Pogaci,FC Collex-Bossy,Mijlocaș stânga,,25,Elveția,2. Liga interregional - Gruppe 1,https://www.transfermarkt.com/alexandru-pogaci/profil/spieler/575185,https://www.transfermarkt.com/spieler-statistik/legionaere/statistik/stat/land_id/140/land/148
Alexandru Pop,FC Fortuna Plauen,Mijlocaș,,,Germania,,https://www.transfermarkt.com/alexandru-pop/profil/spieler/1443296,https://www.transfermarkt.com/spieler-statistik/legionaere/statistik/stat/land_id/140/land/40/page/15
Alexandru Pribeagu,UD Benigànim,Fundaș central,,25,Spania,,https://www.transfermarkt.com/alexandru-pribeagu/profil/spieler/631670,https://www.transfermarkt.com/spieler-statistik/legionaere/statistik/stat/land_id/140/land/157
Alexandru Simulete,Rellinger FC 2010,Mijlocaș,,,Germania,,https://www.transfermarkt.com/alexandru-simulete/profil/spieler/712489,https://www.transfermarkt.com/spieler-statistik/legionaere/statistik/stat/land_id/140/land/40/page/7
Alexandru Șiman,Milan Futuro,Extremă dreapta,,20,Italia,Serie D - Girone B,https://www.transfermarkt.com/alexandru-siman/profil/spieler/1008223,https://www.transfermarkt.com/spieler-statistik/legionaere/statistik/stat/land_id/140/land/75/page/4
Alexandru Zaharia,Pro Poggiomarino,Atacant central,,25,Italia,,https://www.transfermarkt.com/alexandru-zaharia/profil/spieler/537786,https://www.transfermarkt.com/spieler-statistik/legionaere/statistik/stat/land_id/140/land/75/page/3
Alexandru-Claudiu Török,Türkischer SV Singen,Fundaș stânga,,22,Germania,Oberliga Baden-Württemberg,https://www.transfermarkt.com/alexandru-claudiu-torok/profil/spieler/1271665,https://www.transfermarkt.com/spieler-statistik/legionaere/statistik/stat/land_id/140/land/40/page/13
Alexandru-Daniel Chiriac,SG Massen,Mijlocaș,,,Germania,,https://www.transfermarkt.com/alexandru-daniel-chiriac/profil/spieler/1556152,https://www.transfermarkt.com/spieler-statistik/legionaere/statistik/stat/land_id/140/land/40/page/16
Alexandru-Gabi Gheorghe,Blau-Gelb Überruhr,Mijlocaș,,,Germania,,https://www.transfermarkt.com/alexandru-gabi-gheorghe/profil/spieler/1404029,https://www.transfermarkt.com/spieler-statistik/legionaere/statistik/stat/land_id/140/land/40/page/14
Alexandru-Georgian Dudulescu,FC Spöck,Fundaș,,33,Germania,,https://www.transfermarkt.com/alexandru-georgian-dudulescu/profil/spieler/834672,https://www.transfermarkt.com/spieler-statistik/legionaere/statistik/stat/land_id/140/land/40/page/9
Alexandru-Ioan Nicola,Türk Gençler Birliği Lahr,Atacant,,,Germania,,https://www.transfermarkt.com/alexandru-ioan-nicola/profil/spieler/1592037,https://www.transfermarkt.com/spieler-statistik/legionaere/statistik/stat/land_id/140/land/40/page/17
Alexandru-Marian Rotaru,FC Riensberg,Mijlocaș ofensiv,,39,Germania,,https://www.transfermarkt.com/alexandru-marian-rotaru/profil/spieler/1062540,https://www.transfermarkt.com/spieler-statistik/legionaere/statistik/stat/land_id/140/land/40/page/11
Alexandru-Petrișor Duță,SV TEC Tiel II,Portar,,,Țările de Jos,,https://www.transfermarkt.com/alexandru-petrisor-duta/profil/spieler/1450416,https://www.transfermarkt.com/spieler-statistik/legionaere/statistik/stat/land_id/140/land/122
Alexandru-Robert Crișan,FC Rennsteig,Mijlocaș,,25,Germania,,https://www.transfermarkt.com/alexandru-robert-crisan/profil/spieler/1043262,https://www.transfermarkt.com/spieler-statistik/legionaere/statistik/stat/land_id/140/land/40/page/11
Alfred Pelger,Hegauer FV,Mijlocaș,,37,Germania,,https://www.transfermarkt.com/alfred-pelger/profil/spieler/359671,https://www.transfermarkt.com/spieler-statistik/legionaere/statistik/stat/land_id/140/land/40/page/4
Ali-Alexandru Mohammad,SC Kirchberg/Pielach,Atacant,,25,Austria,,https://www.transfermarkt.com/ali-alexandru-mohammad/profil/spieler/602523,https://www.transfermarkt.com/spieler-statistik/legionaere/statistik/stat/land_id/140/land/127/page/2
Alin Anton,Real Aranjuez CF,Fundaș central,,23,Spania,,https://www.transfermarkt.com/alin-anton/profil/spieler/871426,https://www.transfermarkt.com/spieler-statistik/legionaere/statistik/stat/land_id/140/land/157/page/2
Alin Constantinescu,SV Amtzell,Portar,,31,Germania,,https://www.transfermarkt.com/alin-constantinescu/profil/spieler/443321,https://www.transfermarkt.com/spieler-statistik/legionaere/statistik/stat/land_id/140/land/40/page/3
Alin Coțan,FSV Hohe Luft Hersfeld,Mijlocaș stânga,,43,Germania,,https://www.transfermarkt.com/alin-cotan/profil/spieler/48827,https://www.transfermarkt.com/spieler-statistik/legionaere/statistik/stat/land_id/140/land/40
Alin Floruț,SC Danubius Waldkraiburg,Fundaș,,,Germania,,https://www.transfermarkt.com/alin-florut/profil/spieler/729722,https://www.transfermarkt.com/spieler-statistik/legionaere/statistik/stat/land_id/140/land/40/page/8
Alin Imbre,SC Großengersdorf,Atacant central,,29,Austria,,https://www.transfermarkt.com/alin-imbre/profil/spieler/431258,https://www.transfermarkt.com/spieler-statistik/legionaere/statistik/stat/land_id/140/land/127
Alin Ionaș,FC Töging,Atacant central,,35,Germania,,https://www.transfermarkt.com/alin-ionas/profil/spieler/257405,https://www.transfermarkt.com/spieler-statistik/legionaere/statistik/stat/land_id/140/land/40/page/2
Alin Mutu,FC Alberschwende,Fundaș central,,31,Austria,Eliteliga Vorarlberg,https://www.transfermarkt.com/alin-mutu/profil/spieler/281175,https://www.transfermarkt.com/spieler-statistik/legionaere/statistik/stat/land_id/140/land/127
Alin Nica,SV Herbede,Atacant central,,38,Germania,,https://www.transfermarkt.com/alin-nica/profil/spieler/166027,https://www.transfermarkt.com/spieler-statistik/legionaere/statistik/stat/land_id/140/land/40/page/4
Alin Pietraru,Inter Youth,Fundaș central,,15,Italia,,https://www.transfermarkt.com/alin-pietraru/profil/spieler/1472291,https://www.transfermarkt.com/spieler-statistik/legionaere/statistik/stat/land_id/140/land/75/page/6
Alin-Răzvan Pascu,ASV Wuppertal,Portar,,43,Germania,,https://www.transfermarkt.com/alin-razvan-pascu/profil/spieler/634434,https://www.transfermarkt.com/spieler-statistik/legionaere/statistik/stat/land_id/140/land/40/page/6
Andre Kem,FSV Rheinfelden II,Fundaș,,21,Germania,,https://www.transfermarkt.com/andre-kem/profil/spieler/1593345,https://www.transfermarkt.com/spieler-statistik/legionaere/statistik/stat/land_id/140/land/40/page/17
Andreas Pițiga,Wolverhampton Wanderers Youth,Mijlocaș,,,Anglia,,https://www.transfermarkt.com/andreas-pitiga/profil/spieler/1552953,https://www.transfermarkt.com/spieler-statistik/legionaere/statistik/stat/land_id/140/land/189
Andreas Sbuciumelea,ACD Povegliano Veronese,Mijlocaș,,35,Italia,,https://www.transfermarkt.com/andreas-sbuciumelea/profil/spieler/463230,https://www.transfermarkt.com/spieler-statistik/legionaere/statistik/stat/land_id/140/land/75/page/3
Andrei Barzaghideanu,US Arcella,Extremă stânga,,19,Italia,,https://www.transfermarkt.com/andrei-barzaghideanu/profil/spieler/1180157,https://www.transfermarkt.com/spieler-statistik/legionaere/statistik/stat/land_id/140/land/75/page/3
Andrei Bogdan Tircu,ASD  Pizzoli,Mijlocaș stânga,,19,Italia,,https://www.transfermarkt.com/andrei-bogdan-tircu/profil/spieler/1388251,https://www.transfermarkt.com/spieler-statistik/legionaere/statistik/stat/land_id/140/land/75/page/6
Andrei Boureanu,SG Barockstadt Fulda-Lehnerz II,Portar,,25,Germania,Verbandsliga Hessen-Nord,https://www.transfermarkt.com/andrei-boureanu/profil/spieler/1433559,https://www.transfermarkt.com/spieler-statistik/legionaere/statistik/stat/land_id/140/land/40/page/15
Andrei Bulgaru,Rabat Ajax U19,Mijlocaș,,18,Malta,,https://www.transfermarkt.com/andrei-bulgaru/profil/spieler/1394887,https://www.transfermarkt.com/spieler-statistik/legionaere/statistik/stat/land_id/140/land/106
Andrei Burdun,SpVgg Trossingen,Portar,,35,Germania,,https://www.transfermarkt.com/andrei-burdun/profil/spieler/350986,https://www.transfermarkt.com/spieler-statistik/legionaere/statistik/stat/land_id/140/land/40/page/4
Andrei Chiriac,Cimone FC,Portar,,29,Italia,,https://www.transfermarkt.com/andrei-chiriac/profil/spieler/341095,https://www.transfermarkt.com/spieler-statistik/legionaere/statistik/stat/land_id/140/land/75/page/2
Andrei Cioară,Türkischer SV Konstanz,Portar,,32,Germania,,https://www.transfermarkt.com/andrei-cioara/profil/spieler/428971,https://www.transfermarkt.com/spieler-statistik/legionaere/statistik/stat/land_id/140/land/40/page/3
Andrei Ciobanu,Valenciennes FC B,Mijlocaș central,,20,Franța,,https://www.transfermarkt.com/andrei-ciobanu/profil/spieler/1159913,https://www.transfermarkt.com/spieler-statistik/legionaere/statistik/stat/land_id/140/land/50
Andrei David,ASD Lastrigiana,Mijlocaș ofensiv,,23,Italia,,https://www.transfermarkt.com/andrei-david/profil/spieler/608490,https://www.transfermarkt.com/spieler-statistik/legionaere/statistik/stat/land_id/140/land/75/page/3
Andrei Duță,AKA Red Bull Salzburg U18,Fundaș central,,17,Austria,ÖFB Jugendliga U18,https://www.transfermarkt.com/andrei-duta/profil/spieler/1179020,https://www.transfermarkt.com/spieler-statistik/legionaere/statistik/stat/land_id/140/land/127/page/3
Andrei Enculescu,KSG Eislingen,Fundaș,,25,Germania,,https://www.transfermarkt.com/andrei-enculescu/profil/spieler/1008377,https://www.transfermarkt.com/spieler-statistik/legionaere/statistik/stat/land_id/140/land/40/page/10
Andrei Herlea,FC Regensdorf,Fundaș central,,33,Elveția,,https://www.transfermarkt.com/andrei-herlea/profil/spieler/183125,https://www.transfermarkt.com/spieler-statistik/legionaere/statistik/stat/land_id/140/land/148
Andrei Imbucatura,SV Union Pruggern,Mijlocaș,,20,Austria,,https://www.transfermarkt.com/andrei-imbucatura/profil/spieler/1280792,https://www.transfermarkt.com/spieler-statistik/legionaere/statistik/stat/land_id/140/land/127/page/3
Andrei Ispas,CD Alhaurino,Mijlocaș central,,24,Spania,,https://www.transfermarkt.com/andrei-ispas/profil/spieler/722582,https://www.transfermarkt.com/spieler-statistik/legionaere/statistik/stat/land_id/140/land/157
Andrei Lupu,Racing Club Portuense,Atacant central,,28,Spania,,https://www.transfermarkt.com/andrei-lupu/profil/spieler/510972,https://www.transfermarkt.com/spieler-statistik/legionaere/statistik/stat/land_id/140/land/157
Andrei Mocanu,Civitavecchia Calcio 1920,Extremă stânga,,23,Italia,,https://www.transfermarkt.com/andrei-mocanu/profil/spieler/892136,https://www.transfermarkt.com/spieler-statistik/legionaere/statistik/stat/land_id/140/land/75/page/3
Andrei Nazaru,Newtown AFC,Portar,,18,Țara Galilor,Cymru North,https://www.transfermarkt.com/andrei-nazaru/profil/spieler/1324748,https://www.transfermarkt.com/spieler-statistik/legionaere/statistik/stat/land_id/140/land/191
Andrei Novoa,Real Zaragoza U19,Mijlocaș central,,18,Spania,,https://www.transfermarkt.com/andrei-novoa/profil/spieler/1259829,https://www.transfermarkt.com/spieler-statistik/legionaere/statistik/stat/land_id/140/land/157/page/2
Andrei Păun,FC Al-Kauthar Berlin 1990,Mijlocaș,,,Germania,,https://www.transfermarkt.com/andrei-paun/profil/spieler/529324,https://www.transfermarkt.com/spieler-statistik/legionaere/statistik/stat/land_id/140/land/40/page/5
Andrei Porfireanu,Türk Gücü Sinsheim,Atacant,,39,Germania,,https://www.transfermarkt.com/andrei-porfireanu/profil/spieler/64225,https://www.transfermarkt.com/spieler-statistik/legionaere/statistik/stat/land_id/140/land/40
Andrei Rarinca,Cannonau Jerzu Picchi,Mijlocaș central,,20,Italia,,https://www.transfermarkt.com/andrei-rarinca/profil/spieler/1187915,https://www.transfermarkt.com/spieler-statistik/legionaere/statistik/stat/land_id/140/land/75/page/3
Andrei Rațiu,TSV Karpfham,Atacant central,,26,Germania,,https://www.transfermarkt.com/andrei-ratiu/profil/spieler/1114110,https://www.transfermarkt.com/spieler-statistik/legionaere/statistik/stat/land_id/140/land/40/page/11
Andrei Roateș,Levante UD U19,Atacant central,,18,Spania,,https://www.transfermarkt.com/andrei-roates/profil/spieler/1060701,https://www.transfermarkt.com/spieler-statistik/legionaere/statistik/stat/land_id/140/land/157/page/2
Andrei Rusu,FV Rot-Weiß Hellersdorf II,Mijlocaș,,37,Germania,,https://www.transfermarkt.com/andrei-rusu/profil/spieler/565932,https://www.transfermarkt.com/spieler-statistik/legionaere/statistik/stat/land_id/140/land/40/page/6
Andrei Tanasa,ACR Messina,Mijlocaș defensiv,,35,Italia,,https://www.transfermarkt.com/andrei-tanasa/profil/spieler/405150,https://www.transfermarkt.com/spieler-statistik/legionaere/statistik/stat/land_id/140/land/75/page/2
Andrei Tugui,USD Bari Sardo Calcio,Mijlocaș central,,30,Italia,,https://www.transfermarkt.com/andrei-tugui/profil/spieler/255828,https://www.transfermarkt.com/spieler-statistik/legionaere/statistik/stat/land_id/140/land/75/page/2
Andrei Vasile Moldovan,TSV Erksdorf,Mijlocaș,,41,Germania,,https://www.transfermarkt.com/andrei-vasile-moldovan/profil/spieler/143071,https://www.transfermarkt.com/spieler-statistik/legionaere/statistik/stat/land_id/140/land/40/page/3
Andrei-Alexandru Brînză,BSC Hastedt,Mijlocaș,,26,Germania,Landesliga Bremen,https://www.transfermarkt.com/andrei-alexandru-brinza/profil/spieler/1200612,https://www.transfermarkt.com/spieler-statistik/legionaere/statistik/stat/land_id/140/land/40/page/12
Andrei-Catalin Roman,SG Eppenbrunn,Fundaș,,,Germania,,https://www.transfermarkt.com/andrei-catalin-roman/profil/spieler/1298914,https://www.transfermarkt.com/spieler-statistik/legionaere/statistik/stat/land_id/140/land/40/page/13
Andrei-Cristian Tomaru,FV Neuthard,Fundaș central,,34,Germania,,https://www.transfermarkt.com/andrei-cristian-tomaru/profil/spieler/388298,https://www.transfermarkt.com/spieler-statistik/legionaere/statistik/stat/land_id/140/land/40/page/4
Andrei-Darius Visan,FG 08 Mutterstadt,Mijlocaș,,18,Germania,,https://www.transfermarkt.com/andrei-darius-visan/profil/spieler/1580662,https://www.transfermarkt.com/spieler-statistik/legionaere/statistik/stat/land_id/140/land/40/page/16
Andrei-Lucian Ulici,Calcio Leinfelden-Echterdingen,Fundaș stânga,,25,Germania,Verbandsliga Württemberg,https://www.transfermarkt.com/andrei-lucian-ulici/profil/spieler/716250,https://www.transfermarkt.com/spieler-statistik/legionaere/statistik/stat/land_id/140/land/40/page/7
Andrei-Nicusor Tanasa,FC SeeBern,Mijlocaș,,,Germania,,https://www.transfermarkt.com/andrei-nicusor-tanasa/profil/spieler/1564353,https://www.transfermarkt.com/spieler-statistik/legionaere/statistik/stat/land_id/140/land/40/page/16
Andrei-Valentin Precup,SuS Schaag,Atacant,,21,Germania,,https://www.transfermarkt.com/andrei-valentin-precup/profil/spieler/1443455,https://www.transfermarkt.com/spieler-statistik/legionaere/statistik/stat/land_id/140/land/40/page/15
Andy Daniel Brumea,Spartakos Kiti,Fundaș stânga,,19,Cipru,2. Division,https://www.transfermarkt.com/andy-daniel-brumea/profil/spieler/1509207,https://www.transfermarkt.com/spieler-statistik/legionaere/statistik/stat/land_id/140/land/188
Anton Moroz,SV Rot-Weiss Wittlich,Fundaș stânga,,25,Germania,Oberliga Rheinland-Pfalz/Saar,https://www.transfermarkt.com/anton-moroz/profil/spieler/750050,https://www.transfermarkt.com/spieler-statistik/legionaere/statistik/stat/land_id/140/land/40/page/3
Antonio Acatrinei,Musan Salama,Fundaș stânga,,21,Finland,Kakkonen - Group B,https://www.transfermarkt.com/antonio-acatrinei/profil/spieler/1538689,https://www.transfermarkt.com/spieler-statistik/legionaere/statistik/stat/land_id/140/land/49
Antonio Câmpeanu,Friska Viljor FC,Fundaș central,,24,Suedia,,https://www.transfermarkt.com/antonio-campeanu/profil/spieler/1069889,https://www.transfermarkt.com/spieler-statistik/legionaere/statistik/stat/land_id/140/land/147
Antonio Chițu,VfL Primstal,Atacant secund,,23,Germania,,https://www.transfermarkt.com/antonio-chitu/profil/spieler/570533,https://www.transfermarkt.com/spieler-statistik/legionaere/statistik/stat/land_id/140/land/40/page/6
Antonio Claudiu Prisaciuc,ATSV Mutschelbach,Extremă stânga,,24,Germania,,https://www.transfermarkt.com/antonio-claudiu-prisaciuc/profil/spieler/837926,https://www.transfermarkt.com/spieler-statistik/legionaere/statistik/stat/land_id/140/land/40/page/9
Aris Drăgulin,SV Croatia Reutlingen,Atacant central,,22,Germania,,https://www.transfermarkt.com/aris-dragulin/profil/spieler/921023,https://www.transfermarkt.com/spieler-statistik/legionaere/statistik/stat/land_id/140/land/40/page/9
Arman-Mihai Florea,SF Walsum 09,Portar,,34,Germania,,https://www.transfermarkt.com/arman-mihai-florea/profil/spieler/1174732,https://www.transfermarkt.com/spieler-statistik/legionaere/statistik/stat/land_id/140/land/40/page/12
Armand Tirchi,SC Rheinbach,Fundaș central,,24,Germania,Landesliga Mittelrhein Staffel 1,https://www.transfermarkt.com/armand-tirchi/profil/spieler/677155,https://www.transfermarkt.com/spieler-statistik/legionaere/statistik/stat/land_id/140/land/40/page/7
Aurel Iosif Ilinca,SV Treptow 46,Fundaș,,,Germania,,https://www.transfermarkt.com/aurel-iosif-ilinca/profil/spieler/918794,https://www.transfermarkt.com/spieler-statistik/legionaere/statistik/stat/land_id/140/land/40/page/9
Aurel Matei,Gullfálkinn,Mijlocaș,,,Islanda,,https://www.transfermarkt.com/aurel-matei/profil/spieler/1112009,https://www.transfermarkt.com/spieler-statistik/legionaere/statistik/stat/land_id/140/land/73
Aurel-Misa Ghencian,VfB Pößneck,Atacant central,,23,Germania,,https://www.transfermarkt.com/aurel-misa-ghencian/profil/spieler/1585036,https://www.transfermarkt.com/spieler-statistik/legionaere/statistik/stat/land_id/140/land/40/page/16
Aurelian Agapi,MSV Eisleben,Portar,,40,Germania,,https://www.transfermarkt.com/aurelian-agapi/profil/spieler/1205773,https://www.transfermarkt.com/spieler-statistik/legionaere/statistik/stat/land_id/140/land/40/page/12
Aurelian Andrei Dumitra,FC Steinbach-Hallenberg,Mijlocaș,,35,Germania,,https://www.transfermarkt.com/aurelian-andrei-dumitra/profil/spieler/609074,https://www.transfermarkt.com/spieler-statistik/legionaere/statistik/stat/land_id/140/land/40/page/6
Bedrudin Vraniqi,SV Felsberg,Mijlocaș,,41,Germania,,https://www.transfermarkt.com/bedrudin-vraniqi/profil/spieler/712573,https://www.transfermarkt.com/spieler-statistik/legionaere/statistik/stat/land_id/140/land/40/page/7
Ben Binyamin,TuS Ennepetal,Mijlocaș dreapta,,25,Germania,Oberliga Westfalen,https://www.transfermarkt.com/ben-binyamin/profil/spieler/638915,https://www.transfermarkt.com/spieler-statistik/legionaere/statistik/stat/land_id/140/land/40/page/7
Beniamin Alin Fer,Afríka Reykjavík,Mijlocaș,,,Islanda,,https://www.transfermarkt.com/beniamin-alin-fer/profil/spieler/887346,https://www.transfermarkt.com/spieler-statistik/legionaere/statistik/stat/land_id/140/land/73
Beniamin Apetrei,TSV Crailsheim,Atacant,,,Germania,,https://www.transfermarkt.com/beniamin-apetrei/profil/spieler/1595636,https://www.transfermarkt.com/spieler-statistik/legionaere/statistik/stat/land_id/140/land/40/page/17
Beniamin Chiorean,SV Pasching 16,Mijlocaș,,39,Austria,,https://www.transfermarkt.com/beniamin-chiorean/profil/spieler/310503,https://www.transfermarkt.com/spieler-statistik/legionaere/statistik/stat/land_id/140/land/127
Binu Bairam,Torrent CF,Fundaș dreapta,,25,Spania,,https://www.transfermarkt.com/binu-bairam/profil/spieler/319233,https://www.transfermarkt.com/spieler-statistik/legionaere/statistik/stat/land_id/140/land/157
Bogdan Ardelean,SG Roßbachtal,Atacant,,32,Germania,,https://www.transfermarkt.com/bogdan-ardelean/profil/spieler/448527,https://www.transfermarkt.com/spieler-statistik/legionaere/statistik/stat/land_id/140/land/40/page/5
Bogdan Bota,ESV Südstern Singen,Mijlocaș,,24,Germania,,https://www.transfermarkt.com/bogdan-bota/profil/spieler/1513979,https://www.transfermarkt.com/spieler-statistik/legionaere/statistik/stat/land_id/140/land/40/page/16
Bogdan Burcea,Korsnäs FF,Mijlocaș dreapta,,23,Finland,,https://www.transfermarkt.com/bogdan-burcea/profil/spieler/994848,https://www.transfermarkt.com/spieler-statistik/legionaere/statistik/stat/land_id/140/land/49
Bogdan Calota,MTV Braunschweig,Mijlocaș,,,Germania,,https://www.transfermarkt.com/bogdan-calota/profil/spieler/938987,https://www.transfermarkt.com/spieler-statistik/legionaere/statistik/stat/land_id/140/land/40/page/9
Bogdan Dobrea,FC Wallersdorf,Mijlocaș stânga,,35,Germania,,https://www.transfermarkt.com/bogdan-dobrea/profil/spieler/226769,https://www.transfermarkt.com/spieler-statistik/legionaere/statistik/stat/land_id/140/land/40/page/2
Bogdan Gavrilă,ASD San Luca,Extremă dreapta,,34,Italia,,https://www.transfermarkt.com/bogdan-gavrila/profil/spieler/212752,https://www.transfermarkt.com/spieler-statistik/legionaere/statistik/stat/land_id/140/land/75/page/2
Bogdan Ionuț Încarcă,SGE Bedburg-Hau II,Mijlocaș dreapta,,29,Germania,,https://www.transfermarkt.com/bogdan-ionut-incarca/profil/spieler/945087,https://www.transfermarkt.com/spieler-statistik/legionaere/statistik/stat/land_id/140/land/40/page/10
Bogdan Keszeg,FC United Zürich,Fundaș central,,27,Elveția,,https://www.transfermarkt.com/bogdan-keszeg/profil/spieler/988395,https://www.transfermarkt.com/spieler-statistik/legionaere/statistik/stat/land_id/140/land/148
Bogdan Maciuca,Grün-Weiß Ilsenburg,Mijlocaș,,,Germania,,https://www.transfermarkt.com/bogdan-maciuca/profil/spieler/166209,https://www.transfermarkt.com/spieler-statistik/legionaere/statistik/stat/land_id/140/land/40/page/4
Bogdan Muntean,SKV Beienheim,Fundaș,,33,Germania,,https://www.transfermarkt.com/bogdan-muntean/profil/spieler/634563,https://www.transfermarkt.com/spieler-statistik/legionaere/statistik/stat/land_id/140/land/40/page/7
Bogdan Niacșu,CD Vicálvaro,Fundaș central,,28,Spania,,https://www.transfermarkt.com/bogdan-niacsu/profil/spieler/428592,https://www.transfermarkt.com/spieler-statistik/legionaere/statistik/stat/land_id/140/land/157
Bogdan Spătaru,FC Bötzingen,Mijlocaș dreapta,,40,Germania,,https://www.transfermarkt.com/bogdan-spataru/profil/spieler/213667,https://www.transfermarkt.com/spieler-statistik/legionaere/statistik/stat/land_id/140/land/40/page/2
Bogdan Ungureanu,Girona FC U19,Fundaș central,,18,Spania,,https://www.transfermarkt.com/bogdan-ungureanu/profil/spieler/1237670,https://www.transfermarkt.com/spieler-statistik/legionaere/statistik/stat/land_id/140/land/157/page/2
Bogdan Vacarescu,TSV Unken,Atacant,,30,Austria,,https://www.transfermarkt.com/bogdan-vacarescu/profil/spieler/301214,https://www.transfermarkt.com/spieler-statistik/legionaere/statistik/stat/land_id/140/land/127
Brayan Iordaichescu,FC Stengefort,Mijlocaș,,20,Luxembourg,,https://www.transfermarkt.com/brayan-iordaichescu/profil/spieler/1329340,https://www.transfermarkt.com/spieler-statistik/legionaere/statistik/stat/land_id/140/land/99
Brian Eric Crstin,SK Kammer,Mijlocaș,,29,Austria,,https://www.transfermarkt.com/brian-eric-crstin/profil/spieler/447029,https://www.transfermarkt.com/spieler-statistik/legionaere/statistik/stat/land_id/140/land/127/page/2
Calin Rus,FC Eintracht Wien,Portar,,40,Austria,,https://www.transfermarkt.com/calin-rus/profil/spieler/337418,https://www.transfermarkt.com/spieler-statistik/legionaere/statistik/stat/land_id/140/land/127/page/2
Calin-Gheorghe Iremciuc,SpVgg Durlach-Aue II,Mijlocaș,,33,Germania,,https://www.transfermarkt.com/calin-gheorghe-iremciuc/profil/spieler/1299166,https://www.transfermarkt.com/spieler-statistik/legionaere/statistik/stat/land_id/140/land/40/page/13
Casian Samoilă,TuS Kirchberg,Mijlocaș,,25,Germania,Rheinlandliga,https://www.transfermarkt.com/casian-samoila/profil/spieler/796609,https://www.transfermarkt.com/spieler-statistik/legionaere/statistik/stat/land_id/140/land/40/page/9
Casian-Matei Ulici,Calcio Leinfelden-Echterdingen,Mijlocaș,,23,Germania,Verbandsliga Württemberg,https://www.transfermarkt.com/casian-matei-ulici/profil/spieler/1160500,https://www.transfermarkt.com/spieler-statistik/legionaere/statistik/stat/land_id/140/land/40/page/12
Cassiano Cozma,NK Ormoz,Mijlocaș central,,19,Slovenia,,https://www.transfermarkt.com/cassiano-cozma/profil/spieler/1437892,https://www.transfermarkt.com/spieler-statistik/legionaere/statistik/stat/land_id/140/land/155
Catalin Oros,Gullfálkinn,Portar,,,Islanda,,https://www.transfermarkt.com/catalin-oros/profil/spieler/887339,https://www.transfermarkt.com/spieler-statistik/legionaere/statistik/stat/land_id/140/land/73
Catalin-Viorel Zlataru,SV Westring Gotha,Atacant,,32,Germania,,https://www.transfermarkt.com/catalin-viorel-zlataru/profil/spieler/1304848,https://www.transfermarkt.com/spieler-statistik/legionaere/statistik/stat/land_id/140/land/40/page/14
Cazimir Buturugă,Türkspor Neckarsulm,Mijlocaș central,,22,Germania,Oberliga Baden-Württemberg,https://www.transfermarkt.com/cazimir-buturuga/profil/spieler/731523,https://www.transfermarkt.com/spieler-statistik/legionaere/statistik/stat/land_id/140/land/40/page/8
Călin Fildan,Füzesgyarmati SK,Portar,,38,Ungaria,,https://www.transfermarkt.com/calin-fildan/profil/spieler/208674,https://www.transfermarkt.com/spieler-statistik/legionaere/statistik/stat/land_id/140/land/178
Cătălin Aromanesi,SC March,Atacant,,28,Germania,,https://www.transfermarkt.com/catalin-aromanesi/profil/spieler/1287596,https://www.transfermarkt.com/spieler-statistik/legionaere/statistik/stat/land_id/140/land/40/page/13
Cătălin Banienschi,ASD Bressana,Fundaș stânga,,23,Italia,,https://www.transfermarkt.com/catalin-banienschi/profil/spieler/703744,https://www.transfermarkt.com/spieler-statistik/legionaere/statistik/stat/land_id/140/land/75/page/3
Cătălin Teleru,SVG Steinheim,Atacant central,,24,Germania,,https://www.transfermarkt.com/catalin-teleru/profil/spieler/988384,https://www.transfermarkt.com/spieler-statistik/legionaere/statistik/stat/land_id/140/land/40/page/10
Cătălin-Ionel Pintea,DJK Rasensport Brand 04,Atacant,,28,Germania,Landesliga Mittelrhein Staffel 2,https://www.transfermarkt.com/catalin-ionel-pintea/profil/spieler/956394,https://www.transfermarkt.com/spieler-statistik/legionaere/statistik/stat/land_id/140/land/40/page/10
Cătălin-Ionuț Crețiu,Siegburger SV 04 II,Portar,,30,Germania,,https://www.transfermarkt.com/catalin-ionut-cretiu/profil/spieler/934428,https://www.transfermarkt.com/spieler-statistik/legionaere/statistik/stat/land_id/140/land/40/page/9
Cezar Paraschiv,SSG Halvestorf/Herkendorf II,Mijlocaș stânga,,36,Germania,,https://www.transfermarkt.com/cezar-paraschiv/profil/spieler/453167,https://www.transfermarkt.com/spieler-statistik/legionaere/statistik/stat/land_id/140/land/40/page/5
Christian Retzler,Blau-Weiß 90 Berlin II,Fundaș,,31,Germania,,https://www.transfermarkt.com/christian-retzler/profil/spieler/1147878,https://www.transfermarkt.com/spieler-statistik/legionaere/statistik/stat/land_id/140/land/40/page/11
Christian Vechiu,AC Milan Primavera,Fundaș central,,18,Italia,Primavera 1,https://www.transfermarkt.com/christian-vechiu/profil/spieler/1120617,https://www.transfermarkt.com/spieler-statistik/legionaere/statistik/stat/land_id/140/land/75/page/4
Ciprian Brata,ASK Marz,Mijlocaș stânga,,35,Austria,,https://www.transfermarkt.com/ciprian-brata/profil/spieler/156616,https://www.transfermarkt.com/spieler-statistik/legionaere/statistik/stat/land_id/140/land/127
Ciprian Dombrovoschi,FBC Calangianus,Fundaș central,,32,Italia,,https://www.transfermarkt.com/ciprian-dombrovoschi/profil/spieler/133977,https://www.transfermarkt.com/spieler-statistik/legionaere/statistik/stat/land_id/140/land/75/page/2
Ciprian Pop,Red Star FC B,Portar,,21,Franța,Championnat National 2 - Groupe D,https://www.transfermarkt.com/ciprian-pop/profil/spieler/1185437,https://www.transfermarkt.com/spieler-statistik/legionaere/statistik/stat/land_id/140/land/50
Ciprian Ungureanu,SV Rot-Weiß Weißenfels,Portar,,32,Germania,,https://www.transfermarkt.com/ciprian-ungureanu/profil/spieler/343947,https://www.transfermarkt.com/spieler-statistik/legionaere/statistik/stat/land_id/140/land/40/page/2
Claudiu Dorobantu,FK Srbija Mannheim,Mijlocaș,,20,Germania,,https://www.transfermarkt.com/claudiu-dorobantu/profil/spieler/1573991,https://www.transfermarkt.com/spieler-statistik/legionaere/statistik/stat/land_id/140/land/40/page/16
Claudiu Gabriel Baicu,Buxtehuder SV,Mijlocaș,,,Germania,,https://www.transfermarkt.com/claudiu-gabriel-baicu/profil/spieler/1579427,https://www.transfermarkt.com/spieler-statistik/legionaere/statistik/stat/land_id/140/land/40/page/16
Claudiu Golopenta,SC Wiener Viktoria II,Atacant,,23,Austria,,https://www.transfermarkt.com/claudiu-golopenta/profil/spieler/1005002,https://www.transfermarkt.com/spieler-statistik/legionaere/statistik/stat/land_id/140/land/127/page/2
Claudiu Magdalena,DSG Lokomotive Traisen,Fundaș,,48,Austria,,https://www.transfermarkt.com/claudiu-magdalena/profil/spieler/336677,https://www.transfermarkt.com/spieler-statistik/legionaere/statistik/stat/land_id/140/land/127/page/2
Claudiu Pascariu,SV Schalchen,Fundaș central,,37,Austria,,https://www.transfermarkt.com/claudiu-pascariu/profil/spieler/208815,https://www.transfermarkt.com/spieler-statistik/legionaere/statistik/stat/land_id/140/land/127
Claudiu Savianu,SFC Neuilly-sur-Marne,Mijlocaș central,,20,Franța,Championnat National 2 - Groupe E,https://www.transfermarkt.com/claudiu-savianu/profil/spieler/1040569,https://www.transfermarkt.com/spieler-statistik/legionaere/statistik/stat/land_id/140/land/50
Claudiu-Iulian Burca,SV Treptow 46,Portar,,,Germania,,https://www.transfermarkt.com/claudiu-iulian-burca/profil/spieler/1589507,https://www.transfermarkt.com/spieler-statistik/legionaere/statistik/stat/land_id/140/land/40/page/16
Codrin Peii,VfL Waldkraiburg,Atacant central,,,Germania,,https://www.transfermarkt.com/codrin-peii/profil/spieler/729719,https://www.transfermarkt.com/spieler-statistik/legionaere/statistik/stat/land_id/140/land/40/page/8
Constantin Arotăriței,FC Romania,Mijlocaș,,32,Anglia,,https://www.transfermarkt.com/constantin-arotaritei/profil/spieler/242109,https://www.transfermarkt.com/spieler-statistik/legionaere/statistik/stat/land_id/140/land/189
Constantin Luchita,Delmenhorster TB,Mijlocaș dreapta,,33,Germania,,https://www.transfermarkt.com/constantin-luchita/profil/spieler/592037,https://www.transfermarkt.com/spieler-statistik/legionaere/statistik/stat/land_id/140/land/40/page/6
Constantin Popescu,AS Ribeauvillé,Atacant,,44,Franța,,https://www.transfermarkt.com/constantin-popescu/profil/spieler/865148,https://www.transfermarkt.com/spieler-statistik/legionaere/statistik/stat/land_id/140/land/50
Constantin-Adrian Băcilă,Bulgaria Hamburg,Mijlocaș,,,Germania,,https://www.transfermarkt.com/constantin-adrian-bacila/profil/spieler/725064,https://www.transfermarkt.com/spieler-statistik/legionaere/statistik/stat/land_id/140/land/40/page/8
Corneliu Roga,TSV Ottersberg II,Atacant,,29,Germania,,https://www.transfermarkt.com/corneliu-roga/profil/spieler/1293374,https://www.transfermarkt.com/spieler-statistik/legionaere/statistik/stat/land_id/140/land/40/page/13
Cosmin Andrei,FG Marktbreit-Martinsheim,Portar,,32,Germania,,https://www.transfermarkt.com/cosmin-andrei/profil/spieler/258400,https://www.transfermarkt.com/spieler-statistik/legionaere/statistik/stat/land_id/140/land/40/page/4
Cosmin Dragomir,Real Monterotondo,Fundaș stânga,,20,Italia,,https://www.transfermarkt.com/cosmin-dragomir/profil/spieler/1185124,https://www.transfermarkt.com/spieler-statistik/legionaere/statistik/stat/land_id/140/land/75/page/4
Cosmin Florin Paina,TuS Rumbach,Mijlocaș,,,Germania,,https://www.transfermarkt.com/cosmin-florin-paina/profil/spieler/507279,https://www.transfermarkt.com/spieler-statistik/legionaere/statistik/stat/land_id/140/land/40/page/5
Cosmin Mădălin Imbrea,Gullfálkinn,Portar,,,Islanda,,https://www.transfermarkt.com/cosmin-madalin-imbrea/profil/spieler/887344,https://www.transfermarkt.com/spieler-statistik/legionaere/statistik/stat/land_id/140/land/73
Cosmin Negruț,FC Türk Gücü Helmstedt II,Mijlocaș,,,Germania,,https://www.transfermarkt.com/cosmin-negrut/profil/spieler/1359917,https://www.transfermarkt.com/spieler-statistik/legionaere/statistik/stat/land_id/140/land/40/page/14
Cosmin Oprean,Sporting Cabanillas,Fundaș central,,25,Spania,,https://www.transfermarkt.com/cosmin-oprean/profil/spieler/1556745,https://www.transfermarkt.com/spieler-statistik/legionaere/statistik/stat/land_id/140/land/157/page/3
Cosmin Prodan,SGM 08 Schramberg/SV Sulgen,Mijlocaș,,,Germania,,https://www.transfermarkt.com/cosmin-prodan/profil/spieler/1193762,https://www.transfermarkt.com/spieler-statistik/legionaere/statistik/stat/land_id/140/land/40/page/12
Cosmin Sandu,FC Romania,Fundaș,,40,Anglia,,https://www.transfermarkt.com/cosmin-sandu/profil/spieler/289152,https://www.transfermarkt.com/spieler-statistik/legionaere/statistik/stat/land_id/140/land/189
Cosmin Uilăcan,TSV Ustersbach,Mijlocaș ofensiv,,45,Germania,,https://www.transfermarkt.com/cosmin-uilacan/profil/spieler/6262,https://www.transfermarkt.com/spieler-statistik/legionaere/statistik/stat/land_id/140/land/40
Cosmin-Adrian Ichim,FC Rehau,Atacant central,,43,Germania,,https://www.transfermarkt.com/cosmin-adrian-ichim/profil/spieler/67107,https://www.transfermarkt.com/spieler-statistik/legionaere/statistik/stat/land_id/140/land/40
Cosmin-Vasile Ciuntu,FV Walbertsweiler-Rengetsweiler,Atacant,,,Germania,,https://www.transfermarkt.com/cosmin-vasile-ciuntu/profil/spieler/652474,https://www.transfermarkt.com/spieler-statistik/legionaere/statistik/stat/land_id/140/land/40/page/7
Costel Răuță,Gullfálkinn,Mijlocaș,,,Islanda,,https://www.transfermarkt.com/costel-rauta/profil/spieler/1112007,https://www.transfermarkt.com/spieler-statistik/legionaere/statistik/stat/land_id/140/land/73
Cristi Ioniță Floreanu,Gullfálkinn,Mijlocaș,,,Islanda,,https://www.transfermarkt.com/cristi-ionita-floreanu/profil/spieler/1112011,https://www.transfermarkt.com/spieler-statistik/legionaere/statistik/stat/land_id/140/land/73
Cristian Alexandru Dan,TSV Lengfeld (Bay.),Atacant central,,39,Germania,,https://www.transfermarkt.com/cristian-alexandru-dan/profil/spieler/156004,https://www.transfermarkt.com/spieler-statistik/legionaere/statistik/stat/land_id/140/land/40
Cristian Bodea,SKV Beienheim,Mijlocaș stânga,,34,Germania,,https://www.transfermarkt.com/cristian-bodea/profil/spieler/634557,https://www.transfermarkt.com/spieler-statistik/legionaere/statistik/stat/land_id/140/land/40/page/6
Cristian Boldea,SV Pappelau-Beiningen,Mijlocaș ofensiv,,40,Germania,,https://www.transfermarkt.com/cristian-boldea/profil/spieler/241261,https://www.transfermarkt.com/spieler-statistik/legionaere/statistik/stat/land_id/140/land/40/page/2
Cristian Cenușă,SV 1965 Erlenbach,Atacant central,,49,Germania,,https://www.transfermarkt.com/cristian-cenusa/profil/spieler/387689,https://www.transfermarkt.com/spieler-statistik/legionaere/statistik/stat/land_id/140/land/40/page/4
Cristian Ciubotariu,SpVgg Edenkoben,Extremă stânga,,45,Germania,,https://www.transfermarkt.com/cristian-ciubotariu/profil/spieler/46519,https://www.transfermarkt.com/spieler-statistik/legionaere/statistik/stat/land_id/140/land/40
Cristian Creangă,SF Baumberg U19,Portar,,18,Germania,,https://www.transfermarkt.com/cristian-creanga/profil/spieler/1255693,https://www.transfermarkt.com/spieler-statistik/legionaere/statistik/stat/land_id/140/land/40/page/13
Cristian Dică,Türk Gücü Hanau,Portar,,29,Germania,,https://www.transfermarkt.com/cristian-dica/profil/spieler/870371,https://www.transfermarkt.com/spieler-statistik/legionaere/statistik/stat/land_id/140/land/40/page/9
Cristian Hardău,SV Gumpersdorf,Atacant central,,47,Germania,,https://www.transfermarkt.com/cristian-hardau/profil/spieler/168275,https://www.transfermarkt.com/spieler-statistik/legionaere/statistik/stat/land_id/140/land/40
Cristian Luca,VfL Waldkraiburg II,Atacant central,,53,Germania,,https://www.transfermarkt.com/cristian-luca/profil/spieler/123262,https://www.transfermarkt.com/spieler-statistik/legionaere/statistik/stat/land_id/140/land/40/page/3
Cristian Mihai Todericiu,SV Viktoria Kirchworbis,Mijlocaș,,38,Germania,,https://www.transfermarkt.com/cristian-mihai-todericiu/profil/spieler/693151,https://www.transfermarkt.com/spieler-statistik/legionaere/statistik/stat/land_id/140/land/40/page/7
Cristian Paul,SC Rabenstein,Fundaș dreapta,,30,Austria,,https://www.transfermarkt.com/cristian-paul/profil/spieler/379205,https://www.transfermarkt.com/spieler-statistik/legionaere/statistik/stat/land_id/140/land/127
Cristian Podina,SC Alland,Fundaș stânga,,27,Austria,,https://www.transfermarkt.com/cristian-podina/profil/spieler/368941,https://www.transfermarkt.com/spieler-statistik/legionaere/statistik/stat/land_id/140/land/127
Cristian Purcică,SC Danubius Waldkraiburg,Mijlocaș,,,Germania,,https://www.transfermarkt.com/cristian-purcica/profil/spieler/729724,https://www.transfermarkt.com/spieler-statistik/legionaere/statistik/stat/land_id/140/land/40/page/8
Cristian Radu Stoican,FC Lustadt,Mijlocaș ofensiv,,40,Germania,,https://www.transfermarkt.com/cristian-radu-stoican/profil/spieler/499839,https://www.transfermarkt.com/spieler-statistik/legionaere/statistik/stat/land_id/140/land/40/page/5
Cristian Tuser,Hellas United,Atacant,,,Germania,,https://www.transfermarkt.com/cristian-tuser/profil/spieler/1298498,https://www.transfermarkt.com/spieler-statistik/legionaere/statistik/stat/land_id/140/land/40/page/13
Cristian Vasile,Marbella FC U19,Atacant central,,17,Spania,,https://www.transfermarkt.com/cristian-vasile/profil/spieler/1060703,https://www.transfermarkt.com/spieler-statistik/legionaere/statistik/stat/land_id/140/land/157/page/2
Cristian Voicu,SV Straelen,Atacant secund,,36,Germania,,https://www.transfermarkt.com/cristian-voicu/profil/spieler/573125,https://www.transfermarkt.com/spieler-statistik/legionaere/statistik/stat/land_id/140/land/40/page/6
Cristian-Gabriel Dragan,ASK Marz II,Mijlocaș,,21,Austria,,https://www.transfermarkt.com/cristian-gabriel-dragan/profil/spieler/1406573,https://www.transfermarkt.com/spieler-statistik/legionaere/statistik/stat/land_id/140/land/127/page/3
D. Todoran,SV Germania Ilmenau,Mijlocaș,,17,Germania,,https://www.transfermarkt.com/d-todoran/profil/spieler/1590504,https://www.transfermarkt.com/spieler-statistik/legionaere/statistik/stat/land_id/140/land/40/page/17
Damian Constantin,Salzburger AK 1914,Mijlocaș,,21,Austria,Salzburger Liga,https://www.transfermarkt.com/damian-constantin/profil/spieler/1516747,https://www.transfermarkt.com/spieler-statistik/legionaere/statistik/stat/land_id/140/land/127/page/4
Damian Dima,SpVgg EGC Wirges U19,Atacant,,19,Germania,,https://www.transfermarkt.com/damian-dima/profil/spieler/1309580,https://www.transfermarkt.com/spieler-statistik/legionaere/statistik/stat/land_id/140/land/40/page/14
Dan Constantinescu,Calcio Leinfelden-Echterdingen,Fundaș central,,32,Germania,Verbandsliga Württemberg,https://www.transfermarkt.com/dan-constantinescu/profil/spieler/341749,https://www.transfermarkt.com/spieler-statistik/legionaere/statistik/stat/land_id/140/land/40/page/2
Dan Constantinescu,Gyulai FC,Atacant secund,,30,Ungaria,,https://www.transfermarkt.com/dan-constantinescu/profil/spieler/423083,https://www.transfermarkt.com/spieler-statistik/legionaere/statistik/stat/land_id/140/land/178
Dan Malcoci,SV Sternburg Lützschena-Stahmeln,Atacant,,31,Germania,,https://www.transfermarkt.com/dan-malcoci/profil/spieler/495448,https://www.transfermarkt.com/spieler-statistik/legionaere/statistik/stat/land_id/140/land/40/page/5
Dan Zaharia,TuS Lemförde,Portar,,44,Germania,,https://www.transfermarkt.com/dan-zaharia/profil/spieler/153513,https://www.transfermarkt.com/spieler-statistik/legionaere/statistik/stat/land_id/140/land/40/page/3
Daniel Agachi,SV Fohnsdorf,Mijlocaș,,44,Austria,,https://www.transfermarkt.com/daniel-agachi/profil/spieler/1114772,https://www.transfermarkt.com/spieler-statistik/legionaere/statistik/stat/land_id/140/land/127/page/2
Daniel Alexandru Nedelcia,SV Bubsheim,Fundaș,,,Germania,,https://www.transfermarkt.com/daniel-alexandru-nedelcia/profil/spieler/1282603,https://www.transfermarkt.com/spieler-statistik/legionaere/statistik/stat/land_id/140/land/40/page/13
Daniel Bîlea,Taloro Gavoi,Fundaș dreapta,,27,Italia,,https://www.transfermarkt.com/daniel-bilea/profil/spieler/399882,https://www.transfermarkt.com/spieler-statistik/legionaere/statistik/stat/land_id/140/land/75/page/2
Daniel Burcea,Lampeter FC,Mijlocaș central,,30,Țara Galilor,,https://www.transfermarkt.com/daniel-burcea/profil/spieler/332669,https://www.transfermarkt.com/spieler-statistik/legionaere/statistik/stat/land_id/140/land/191
Daniel Cazan,FC Rhenania Mariaweiler,Fundaș central,,37,Germania,,https://www.transfermarkt.com/daniel-cazan/profil/spieler/412276,https://www.transfermarkt.com/spieler-statistik/legionaere/statistik/stat/land_id/140/land/40/page/5
Daniel Costel Boca,Uppsveitir,Mijlocaș,,,Islanda,,https://www.transfermarkt.com/daniel-costel-boca/profil/spieler/883497,https://www.transfermarkt.com/spieler-statistik/legionaere/statistik/stat/land_id/140/land/73
Daniel Fasui,FC Jeunesse Junglinster,Mijlocaș defensiv,,36,Luxembourg,,https://www.transfermarkt.com/daniel-fasui/profil/spieler/203730,https://www.transfermarkt.com/spieler-statistik/legionaere/statistik/stat/land_id/140/land/99
Daniel Gîdea,Gullfálkinn,Mijlocaș,,,Islanda,,https://www.transfermarkt.com/daniel-gidea/profil/spieler/887338,https://www.transfermarkt.com/spieler-statistik/legionaere/statistik/stat/land_id/140/land/73
Daniel Mitrofan,FC Porto Brussels,Fundaș central,,29,Belgia,,https://www.transfermarkt.com/daniel-mitrofan/profil/spieler/409744,https://www.transfermarkt.com/spieler-statistik/legionaere/statistik/stat/land_id/140/land/19
Daniel Moldovan,Rayo Vallecano Youth,Mijlocaș,,16,Spania,,https://www.transfermarkt.com/daniel-moldovan/profil/spieler/1317221,https://www.transfermarkt.com/spieler-statistik/legionaere/statistik/stat/land_id/140/land/157/page/2
Daniel Munteanu,ASD Montefiascone Calcio 1960,Mijlocaș defensiv,,23,Italia,,https://www.transfermarkt.com/daniel-munteanu/profil/spieler/1062982,https://www.transfermarkt.com/spieler-statistik/legionaere/statistik/stat/land_id/140/land/75/page/4
Daniel Olaru,Gullfálkinn,Mijlocaș,,,Islanda,,https://www.transfermarkt.com/daniel-olaru/profil/spieler/887343,https://www.transfermarkt.com/spieler-statistik/legionaere/statistik/stat/land_id/140/land/73
Daniel Papuc,Real Zaragoza Youth,Atacant central,,17,Spania,,https://www.transfermarkt.com/daniel-papuc/profil/spieler/1317216,https://www.transfermarkt.com/spieler-statistik/legionaere/statistik/stat/land_id/140/land/157/page/2
Daniel Serban,SG Neukirchen,Atacant,,26,Germania,,https://www.transfermarkt.com/daniel-serban/profil/spieler/1041764,https://www.transfermarkt.com/spieler-statistik/legionaere/statistik/stat/land_id/140/land/40/page/10
Daniel Socaci,FC Perlen-Buchrain,Portar,,33,Elveția,,https://www.transfermarkt.com/daniel-socaci/profil/spieler/1154818,https://www.transfermarkt.com/spieler-statistik/legionaere/statistik/stat/land_id/140/land/148
Daniel Tarchila,SV Grafenwöhr,Atacant,,24,Germania,,https://www.transfermarkt.com/daniel-tarchila/profil/spieler/1357781,https://www.transfermarkt.com/spieler-statistik/legionaere/statistik/stat/land_id/140/land/40/page/14
Daniel Toma,SV Weidenbach,Extremă dreapta,,35,Germania,,https://www.transfermarkt.com/daniel-toma/profil/spieler/679117,https://www.transfermarkt.com/spieler-statistik/legionaere/statistik/stat/land_id/140/land/40/page/7
Daniel Ungur,SV Hebertsfelden,Atacant central,,35,Germania,,https://www.transfermarkt.com/daniel-ungur/profil/spieler/285909,https://www.transfermarkt.com/spieler-statistik/legionaere/statistik/stat/land_id/140/land/40/page/4
Daniel Voicilă,Rayo Vallecano U19,Fundaș,,18,Spania,,https://www.transfermarkt.com/daniel-voicila/profil/spieler/1124760,https://www.transfermarkt.com/spieler-statistik/legionaere/statistik/stat/land_id/140/land/157/page/2
Daniel-Constantin Rusu,TSC Euskirchen 1848/1913,Fundaș,,33,Germania,,https://www.transfermarkt.com/daniel-constantin-rusu/profil/spieler/1382912,https://www.transfermarkt.com/spieler-statistik/legionaere/statistik/stat/land_id/140/land/40/page/14
Daniele Paul,Roma U20,Fundaș central,,17,Italia,Primavera 1,https://www.transfermarkt.com/daniele-paul/profil/spieler/1334720,https://www.transfermarkt.com/spieler-statistik/legionaere/statistik/stat/land_id/140/land/75/page/5
Dario-Nicolae Dudar,Schwarz-Weiß Spandau,Mijlocaș,,19,Germania,,https://www.transfermarkt.com/dario-nicolae-dudar/profil/spieler/1590432,https://www.transfermarkt.com/spieler-statistik/legionaere/statistik/stat/land_id/140/land/40/page/17
Darius Achitei,SK Rapid Wien II,Portar,,18,Austria,2. Liga,https://www.transfermarkt.com/darius-achitei/profil/spieler/1428905,https://www.transfermarkt.com/spieler-statistik/legionaere/statistik/stat/land_id/140/land/127/page/3
Darius Calu,SSD Ponte Buggianese,Portar,,22,Italia,,https://www.transfermarkt.com/darius-calu/profil/spieler/938761,https://www.transfermarkt.com/spieler-statistik/legionaere/statistik/stat/land_id/140/land/75/page/3
Darius Ciocan,SpVgg Osterhofen,Mijlocaș,,30,Germania,,https://www.transfermarkt.com/darius-ciocan/profil/spieler/1029768,https://www.transfermarkt.com/spieler-statistik/legionaere/statistik/stat/land_id/140/land/40/page/10
Darius Groza,Bologna Under 18,Atacant central,,18,Italia,Campionato Under 18,https://www.transfermarkt.com/darius-groza/profil/spieler/1196498,https://www.transfermarkt.com/spieler-statistik/legionaere/statistik/stat/land_id/140/land/75/page/5
Darius Neagu,Grimsby Town U18,Mijlocaș central,,16,Anglia,,https://www.transfermarkt.com/darius-neagu/profil/spieler/1317223,https://www.transfermarkt.com/spieler-statistik/legionaere/statistik/stat/land_id/140/land/189
Darius Țieranu,Sport-Union Neckarsulm,Fundaș central,,26,Germania,,https://www.transfermarkt.com/darius-tieranu/profil/spieler/418214,https://www.transfermarkt.com/spieler-statistik/legionaere/statistik/stat/land_id/140/land/40/page/3
Darius Uibariu,TuS Lemförde,Mijlocaș ofensiv,,34,Germania,,https://www.transfermarkt.com/darius-uibariu/profil/spieler/586816,https://www.transfermarkt.com/spieler-statistik/legionaere/statistik/stat/land_id/140/land/40/page/6
Darius-Gabriel Sălăgean-Tamaș,FSV Preußen Bad Langensalza II,Atacant,,26,Germania,,https://www.transfermarkt.com/darius-gabriel-salagean-tamas/profil/spieler/1065549,https://www.transfermarkt.com/spieler-statistik/legionaere/statistik/stat/land_id/140/land/40/page/11
David Amarandei,Sampdoria Primavera,Mijlocaș ofensiv,,15,Italia,Primavera 2 - A,https://www.transfermarkt.com/david-amarandei/profil/spieler/1503785,https://www.transfermarkt.com/spieler-statistik/legionaere/statistik/stat/land_id/140/land/75/page/6
David Anugo,Leicester City U18,Extremă stânga,,17,Anglia,U18 Premier League,https://www.transfermarkt.com/david-anugo/profil/spieler/1196493,https://www.transfermarkt.com/spieler-statistik/legionaere/statistik/stat/land_id/140/land/189
David Băloi,ASV Durlach,Fundaș dreapta,,20,Germania,,https://www.transfermarkt.com/david-baloi/profil/spieler/1045849,https://www.transfermarkt.com/spieler-statistik/legionaere/statistik/stat/land_id/140/land/40/page/11
David Bodarev,TuS Neuhausen,Mijlocaș,,19,Germania,,https://www.transfermarkt.com/david-bodarev/profil/spieler/1582922,https://www.transfermarkt.com/spieler-statistik/legionaere/statistik/stat/land_id/140/land/40/page/16
David Bozian,IF Brommapojkarna Jugend,Mijlocaș,,17,Suedia,,https://www.transfermarkt.com/david-bozian/profil/spieler/1395512,https://www.transfermarkt.com/spieler-statistik/legionaere/statistik/stat/land_id/140/land/147
David Molnar,Eintracht Bad Kreuznach,Mijlocaș central,,22,Germania,Verbandsliga Südwest,https://www.transfermarkt.com/david-molnar/profil/spieler/1015477,https://www.transfermarkt.com/spieler-statistik/legionaere/statistik/stat/land_id/140/land/40/page/3
David Oltean,Montpellier HSC U19,Atacant central,,16,Franța,Championnat National U19 - Groupe D,https://www.transfermarkt.com/david-oltean/profil/spieler/1406567,https://www.transfermarkt.com/spieler-statistik/legionaere/statistik/stat/land_id/140/land/50
David Pitigoi,SSV Naturns,Mijlocaș,,24,Italia,,https://www.transfermarkt.com/david-pitigoi/profil/spieler/1109105,https://www.transfermarkt.com/spieler-statistik/legionaere/statistik/stat/land_id/140/land/75/page/4
David Popescu,Trestina Giovanili,Mijlocaș,,16,Italia,,https://www.transfermarkt.com/david-popescu/profil/spieler/1573522,https://www.transfermarkt.com/spieler-statistik/legionaere/statistik/stat/land_id/140/land/75/page/7
David Sau,Desportivo de Ronfe,Fundaș dreapta,,32,Portugalia,,https://www.transfermarkt.com/david-sau/profil/spieler/707115,https://www.transfermarkt.com/spieler-statistik/legionaere/statistik/stat/land_id/140/land/136
David Stroe,Real Zaragoza Youth,Fundaș dreapta,,15,Spania,,https://www.transfermarkt.com/david-stroe/profil/spieler/1538293,https://www.transfermarkt.com/spieler-statistik/legionaere/statistik/stat/land_id/140/land/157/page/3
David-Alexandru Tudor,VfL Biedenkopf,Mijlocaș,,,Germania,,https://www.transfermarkt.com/david-alexandru-tudor/profil/spieler/1570831,https://www.transfermarkt.com/spieler-statistik/legionaere/statistik/stat/land_id/140/land/40/page/16
David-Ovidiu Rus,SG Franzenheim,Fundaș,,35,Germania,,https://www.transfermarkt.com/david-ovidiu-rus/profil/spieler/1433812,https://www.transfermarkt.com/spieler-statistik/legionaere/statistik/stat/land_id/140/land/40/page/15
Davide Moisa,Hellas Verona Primavera,Fundaș central,,18,Italia,Primavera 1,https://www.transfermarkt.com/davide-moisa/profil/spieler/1132538,https://www.transfermarkt.com/spieler-statistik/legionaere/statistik/stat/land_id/140/land/75/page/4
Denis Andrei Corceovei,CDA Navalcarnero B,Atacant,,,Spania,,https://www.transfermarkt.com/denis-andrei-corceovei/profil/spieler/1473005,https://www.transfermarkt.com/spieler-statistik/legionaere/statistik/stat/land_id/140/land/157/page/3
Denis Călinoiu,Wacker Trailsdorf,Mijlocaș,,27,Germania,,https://www.transfermarkt.com/denis-calinoiu/profil/spieler/530860,https://www.transfermarkt.com/spieler-statistik/legionaere/statistik/stat/land_id/140/land/40/page/5
Denis Miu,Hannover 96 U19,Mijlocaș central,,18,Germania,U19 DFB-Nachwuchsliga - Vorrunde Gruppe I,https://www.transfermarkt.com/denis-miu/profil/spieler/1060699,https://www.transfermarkt.com/spieler-statistik/legionaere/statistik/stat/land_id/140/land/40/page/11
Denis Mocan,GD Águias Moradal,Fundaș central,,21,Portugalia,,https://www.transfermarkt.com/denis-mocan/profil/spieler/1465465,https://www.transfermarkt.com/spieler-statistik/legionaere/statistik/stat/land_id/140/land/136
Denis Munteanu,Venezia Primavera,Atacant central,,17,Italia,Primavera 2 - A,https://www.transfermarkt.com/denis-munteanu/profil/spieler/1261055,https://www.transfermarkt.com/spieler-statistik/legionaere/statistik/stat/land_id/140/land/75/page/5
Denis Patrick Aevoaei,Venezia Primavera,Mijlocaș defensiv,,17,Italia,Primavera 2 - A,https://www.transfermarkt.com/denis-patrick-aevoaei/profil/spieler/1346010,https://www.transfermarkt.com/spieler-statistik/legionaere/statistik/stat/land_id/140/land/75/page/5
Denis Păunescu,Sterparo,Mijlocaș ofensiv,,22,Italia,,https://www.transfermarkt.com/denis-paunescu/profil/spieler/608489,https://www.transfermarkt.com/spieler-statistik/legionaere/statistik/stat/land_id/140/land/75/page/3
Denis Ticuleanu,FC Marsaskala U19,Mijlocaș,,21,Malta,,https://www.transfermarkt.com/denis-ticuleanu/profil/spieler/1281946,https://www.transfermarkt.com/spieler-statistik/legionaere/statistik/stat/land_id/140/land/106
Denis Vintilă,AC Dolomiti Bellunesi Juniores,Mijlocaș dreapta,,19,Italia,,https://www.transfermarkt.com/denis-vintila/profil/spieler/1344774,https://www.transfermarkt.com/spieler-statistik/legionaere/statistik/stat/land_id/140/land/75/page/5
Denis-Alessandro Cojocariu,SV Rot-Weiss Wittlich II,Portar,,18,Germania,,https://www.transfermarkt.com/denis-alessandro-cojocariu/profil/spieler/1423824,https://www.transfermarkt.com/spieler-statistik/legionaere/statistik/stat/land_id/140/land/40/page/14
Denis-Andreas Cojocaru,TSG Tübingen,Portar,,,Germania,,https://www.transfermarkt.com/denis-andreas-cojocaru/profil/spieler/1156586,https://www.transfermarkt.com/spieler-statistik/legionaere/statistik/stat/land_id/140/land/40/page/12
Denis-Florian Hegheduș,SV Treschklingen,Atacant,,23,Germania,,https://www.transfermarkt.com/denis-florian-heghedus/profil/spieler/1062448,https://www.transfermarkt.com/spieler-statistik/legionaere/statistik/stat/land_id/140/land/40/page/11
Dennis Marcel Rafaila,FV Bad Schussenried,Mijlocaș,,,Germania,,https://www.transfermarkt.com/dennis-marcel-rafaila/profil/spieler/803143,https://www.transfermarkt.com/spieler-statistik/legionaere/statistik/stat/land_id/140/land/40/page/9
Dennys Budean,ASV Draßburg/Mattersburg II,Mijlocaș,,18,Austria,,https://www.transfermarkt.com/dennys-budean/profil/spieler/1297342,https://www.transfermarkt.com/spieler-statistik/legionaere/statistik/stat/land_id/140/land/127/page/3
Derian Stancu,SV Waldzell,Portar,,35,Austria,,https://www.transfermarkt.com/derian-stancu/profil/spieler/288011,https://www.transfermarkt.com/spieler-statistik/legionaere/statistik/stat/land_id/140/land/127
Diego Enache,SVN Zweibrücken,Mijlocaș,,31,Germania,,https://www.transfermarkt.com/diego-enache/profil/spieler/230487,https://www.transfermarkt.com/spieler-statistik/legionaere/statistik/stat/land_id/140/land/40/page/4
Dorian Cocotă,Mantova Primavera,Fundaș central,,18,Italia,Primavera 2 - A,https://www.transfermarkt.com/dorian-cocota/profil/spieler/1310250,https://www.transfermarkt.com/spieler-statistik/legionaere/statistik/stat/land_id/140/land/75/page/5
Doru-Octavian Istrate,FC Rastatt 04,Mijlocaș,,,Germania,,https://www.transfermarkt.com/doru-octavian-istrate/profil/spieler/741747,https://www.transfermarkt.com/spieler-statistik/legionaere/statistik/stat/land_id/140/land/40/page/8
Dragos Alin Popa,SV Westring Gotha,Portar,,32,Germania,,https://www.transfermarkt.com/dragos-alin-popa/profil/spieler/1304842,https://www.transfermarkt.com/spieler-statistik/legionaere/statistik/stat/land_id/140/land/40/page/14
Dragos Vulpescu,SG Hohenberg/St. Aegyd,Portar,,41,Austria,,https://www.transfermarkt.com/dragos-vulpescu/profil/spieler/1512710,https://www.transfermarkt.com/spieler-statistik/legionaere/statistik/stat/land_id/140/land/127/page/4
Dragoș Azoiței,A.S.D. Roccasecca T.san Tommaso,Mijlocaș,,23,Italia,,https://www.transfermarkt.com/dragos-azoitei/profil/spieler/878955,https://www.transfermarkt.com/spieler-statistik/legionaere/statistik/stat/land_id/140/land/75/page/3
Dragoș Iacob,US Arce 1932,Atacant central,,30,Italia,,https://www.transfermarkt.com/dragos-iacob/profil/spieler/340655,https://www.transfermarkt.com/spieler-statistik/legionaere/statistik/stat/land_id/140/land/75/page/2
Dragoș Ioance,Calvairate,Fundaș central,,33,Italia,,https://www.transfermarkt.com/dragos-ioance/profil/spieler/434593,https://www.transfermarkt.com/spieler-statistik/legionaere/statistik/stat/land_id/140/land/75/page/3
Dragoș Kirali,Hellas Verona Primavera,Fundaș central,,17,Italia,Primavera 1,https://www.transfermarkt.com/dragos-kirali/profil/spieler/1179021,https://www.transfermarkt.com/spieler-statistik/legionaere/statistik/stat/land_id/140/land/75/page/4
Dumitru Farcaș,VfL Wanfried,Fundaș stânga,,21,Germania,,https://www.transfermarkt.com/dumitru-farcas/profil/spieler/911106,https://www.transfermarkt.com/spieler-statistik/legionaere/statistik/stat/land_id/140/land/40/page/9
Dumitru Gologan,Hellas United,Portar,,23,Germania,,https://www.transfermarkt.com/dumitru-gologan/profil/spieler/1438914,https://www.transfermarkt.com/spieler-statistik/legionaere/statistik/stat/land_id/140/land/40/page/15
Dumitru Guțu,SV Roland Millich,Atacant,,26,Germania,,https://www.transfermarkt.com/dumitru-gutu/profil/spieler/1199598,https://www.transfermarkt.com/spieler-statistik/legionaere/statistik/stat/land_id/140/land/40/page/12
Dumitru Muntean,FV Ravensburg II,Fundaș stânga,,36,Germania,,https://www.transfermarkt.com/dumitru-muntean/profil/spieler/212823,https://www.transfermarkt.com/spieler-statistik/legionaere/statistik/stat/land_id/140/land/40/page/2
Dumitru Răileanu,SF Bachem-Rimlingen,Mijlocaș,,35,Germania,,https://www.transfermarkt.com/dumitru-raileanu/profil/spieler/626455,https://www.transfermarkt.com/spieler-statistik/legionaere/statistik/stat/land_id/140/land/40/page/6
Dumitru-Florin Ștefan,FC Bad Bellingen,Fundaș,,,Germania,,https://www.transfermarkt.com/dumitru-florin-stefan/profil/spieler/1441761,https://www.transfermarkt.com/spieler-statistik/legionaere/statistik/stat/land_id/140/land/40/page/15
Dumitru-Gabriel Tudorache,Hellas United,Mijlocaș,,,Germania,,https://www.transfermarkt.com/dumitru-gabriel-tudorache/profil/spieler/1290274,https://www.transfermarkt.com/spieler-statistik/legionaere/statistik/stat/land_id/140/land/40/page/13
Dustin Pfefferkorn,SV Weingarten II,Mijlocaș,,24,Germania,,https://www.transfermarkt.com/dustin-pfefferkorn/profil/spieler/1211415,https://www.transfermarkt.com/spieler-statistik/legionaere/statistik/stat/land_id/140/land/40/page/12
Edu Corlat,Real Madrid U18,Fundaș central,,17,Spania,,https://www.transfermarkt.com/edu-corlat/profil/spieler/1000145,https://www.transfermarkt.com/spieler-statistik/legionaere/statistik/stat/land_id/140/land/157/page/2
Eduard Călin,AD Torrejón CF,Mijlocaș central,,29,Spania,,https://www.transfermarkt.com/eduard-calin/profil/spieler/428591,https://www.transfermarkt.com/spieler-statistik/legionaere/statistik/stat/land_id/140/land/157
Eduard Cotor,TuS Bersenbrück,Fundaș central,,19,Germania,Oberliga Niedersachsen,https://www.transfermarkt.com/eduard-cotor/profil/spieler/1184700,https://www.transfermarkt.com/spieler-statistik/legionaere/statistik/stat/land_id/140/land/40/page/12
Eduard Olariu,SpVgg Osterhofen,Mijlocaș,,28,Germania,,https://www.transfermarkt.com/eduard-olariu/profil/spieler/1294521,https://www.transfermarkt.com/spieler-statistik/legionaere/statistik/stat/land_id/140/land/40/page/13
Eduard Popa,Real Zaragoza Youth,Atacant central,,15,Spania,,https://www.transfermarkt.com/eduard-popa/profil/spieler/1538299,https://www.transfermarkt.com/spieler-statistik/legionaere/statistik/stat/land_id/140/land/157/page/3
Eduard Ursu,Villarreal CF U19,Portar,,18,Spania,,https://www.transfermarkt.com/eduard-ursu/profil/spieler/1196495,https://www.transfermarkt.com/spieler-statistik/legionaere/statistik/stat/land_id/140/land/157/page/2
Eduard-Emanuel Stoica,Rastatter SC/DJK,Fundaș,,20,Germania,,https://www.transfermarkt.com/eduard-emanuel-stoica/profil/spieler/1437440,https://www.transfermarkt.com/spieler-statistik/legionaere/statistik/stat/land_id/140/land/40/page/15
Eduard-Florin Cecala,FC Lachen/Altendorf Youth,Atacant,,19,Elveția,,https://www.transfermarkt.com/eduard-florin-cecala/profil/spieler/1414464,https://www.transfermarkt.com/spieler-statistik/legionaere/statistik/stat/land_id/140/land/148
Eduardo Munteanu,SV Grün-Weiß Micheldorf,Atacant,,17,Austria,Oberösterreich Liga,https://www.transfermarkt.com/eduardo-munteanu/profil/spieler/1565888,https://www.transfermarkt.com/spieler-statistik/legionaere/statistik/stat/land_id/140/land/127/page/4
Efraim Bandila,WAF Brigittenau Youth,Atacant,,17,Austria,,https://www.transfermarkt.com/efraim-bandila/profil/spieler/1477853,https://www.transfermarkt.com/spieler-statistik/legionaere/statistik/stat/land_id/140/land/127/page/3
Elvis Dirvaru,ASK Ybbs II,Atacant central,,37,Austria,,https://www.transfermarkt.com/elvis-dirvaru/profil/spieler/212736,https://www.transfermarkt.com/spieler-statistik/legionaere/statistik/stat/land_id/140/land/127
Elvis-Andrei Popa,BTS Neustadt,Mijlocaș,,28,Germania,Bremenliga,https://www.transfermarkt.com/elvis-andrei-popa/profil/spieler/603536,https://www.transfermarkt.com/spieler-statistik/legionaere/statistik/stat/land_id/140/land/40/page/6
Emanuel Alexi,FV Fatih Spor Spaichingen,Atacant central,,32,Germania,,https://www.transfermarkt.com/emanuel-alexi/profil/spieler/407019,https://www.transfermarkt.com/spieler-statistik/legionaere/statistik/stat/land_id/140/land/40/page/5
Emanuel Drumea,VfL Weiße Elf Nordhorn,Portar,,34,Germania,,https://www.transfermarkt.com/emanuel-drumea/profil/spieler/215158,https://www.transfermarkt.com/spieler-statistik/legionaere/statistik/stat/land_id/140/land/40/page/4
Emanuel Logos,TSV St. Johann II,Portar,,21,Austria,,https://www.transfermarkt.com/emanuel-logos/profil/spieler/1318905,https://www.transfermarkt.com/spieler-statistik/legionaere/statistik/stat/land_id/140/land/127/page/3
Emanuel Vuia,DJK Germania Wolfsburg,Atacant,,37,Germania,,https://www.transfermarkt.com/emanuel-vuia/profil/spieler/136893,https://www.transfermarkt.com/spieler-statistik/legionaere/statistik/stat/land_id/140/land/40/page/3
Emeric Vascko,TV Jahn Schweinfurt,Atacant central,,54,Germania,,https://www.transfermarkt.com/emeric-vascko/profil/spieler/318480,https://www.transfermarkt.com/spieler-statistik/legionaere/statistik/stat/land_id/140/land/40/page/4
Emil-Gheorghe Prodan,ASC Dudweiler,Fundaș,,38,Germania,,https://www.transfermarkt.com/emil-gheorghe-prodan/profil/spieler/928765,https://www.transfermarkt.com/spieler-statistik/legionaere/statistik/stat/land_id/140/land/40/page/9
Emilian Constantin,Voluntas Suna,Atacant secund,,39,Italia,,https://www.transfermarkt.com/emilian-constantin/profil/spieler/450618,https://www.transfermarkt.com/spieler-statistik/legionaere/statistik/stat/land_id/140/land/75/page/3
Emilian-Paul Lenghen,FC Mosbach,Fundaș,,40,Germania,,https://www.transfermarkt.com/emilian-paul-lenghen/profil/spieler/828415,https://www.transfermarkt.com/spieler-statistik/legionaere/statistik/stat/land_id/140/land/40/page/9
Eric Capeti,SK St. Johann,Mijlocaș,,18,Austria,Regionalliga West,https://www.transfermarkt.com/eric-capeti/profil/spieler/1510647,https://www.transfermarkt.com/spieler-statistik/legionaere/statistik/stat/land_id/140/land/127/page/3
Eric Higyed,SV Straßwalchen,Fundaș,,21,Austria,Salzburger Liga,https://www.transfermarkt.com/eric-higyed/profil/spieler/1011806,https://www.transfermarkt.com/spieler-statistik/legionaere/statistik/stat/land_id/140/land/127/page/2
Erik Barbu,FC Pfeffingen ,Fundaș,,30,Germania,,https://www.transfermarkt.com/erik-barbu/profil/spieler/771035,https://www.transfermarkt.com/spieler-statistik/legionaere/statistik/stat/land_id/140/land/40/page/9
Erik Lipetz,Watford FC U18,Portar,,16,Anglia,,https://www.transfermarkt.com/erik-lipetz/profil/spieler/1484904,https://www.transfermarkt.com/spieler-statistik/legionaere/statistik/stat/land_id/140/land/189
Eryk Vodă,US Follonica Gavorrano,Portar,,18,Italia,Serie D - Girone E,https://www.transfermarkt.com/eryk-voda/profil/spieler/1299643,https://www.transfermarkt.com/spieler-statistik/legionaere/statistik/stat/land_id/140/land/75/page/5
Ethan Gold,Sheffield United U18,Portar,,17,Anglia,,https://www.transfermarkt.com/ethan-gold/profil/spieler/1384620,https://www.transfermarkt.com/spieler-statistik/legionaere/statistik/stat/land_id/140/land/189
Eugeniu Crudu,FV Rot-Weiß Hellersdorf,Portar,,39,Germania,,https://www.transfermarkt.com/eugeniu-crudu/profil/spieler/1180366,https://www.transfermarkt.com/spieler-statistik/legionaere/statistik/stat/land_id/140/land/40/page/12
Eugeniu Marder,BSC Marzahn,Mijlocaș,,,Germania,,https://www.transfermarkt.com/eugeniu-marder/profil/spieler/1303640,https://www.transfermarkt.com/spieler-statistik/legionaere/statistik/stat/land_id/140/land/40/page/14
Fabian Olariu,Union Adlwang,Fundaș,,22,Austria,,https://www.transfermarkt.com/fabian-olariu/profil/spieler/1155457,https://www.transfermarkt.com/spieler-statistik/legionaere/statistik/stat/land_id/140/land/127/page/3
Fabio Bădărău,Monza Primavera,Fundaș central,,17,Italia,Primavera 1,https://www.transfermarkt.com/fabio-badarau/profil/spieler/1120616,https://www.transfermarkt.com/spieler-statistik/legionaere/statistik/stat/land_id/140/land/75/page/4
Felix Lupu,FC Romania,Fundaș stânga,,35,Anglia,,https://www.transfermarkt.com/felix-lupu/profil/spieler/410402,https://www.transfermarkt.com/spieler-statistik/legionaere/statistik/stat/land_id/140/land/189
Fernando Arcana,CF Benidorm,Portar,,23,Spania,,https://www.transfermarkt.com/fernando-arcana/profil/spieler/941816,https://www.transfermarkt.com/spieler-statistik/legionaere/statistik/stat/land_id/140/land/157
Fernando Pellegrini,Genoa U20,Atacant central,,18,Italia,Primavera 1,https://www.transfermarkt.com/fernando-pellegrini/profil/spieler/1310491,https://www.transfermarkt.com/spieler-statistik/legionaere/statistik/stat/land_id/140/land/75/page/5
Filip Larionesi,TSV Eintracht Immenbeck II,Portar,,26,Germania,,https://www.transfermarkt.com/filip-larionesi/profil/spieler/681854,https://www.transfermarkt.com/spieler-statistik/legionaere/statistik/stat/land_id/140/land/40/page/7
Filip Nechita,Sant'Angelo,Fundaș central,,19,Italia,Serie D - Girone D,https://www.transfermarkt.com/filip-nechita/profil/spieler/1459294,https://www.transfermarkt.com/spieler-statistik/legionaere/statistik/stat/land_id/140/land/75/page/6
Flavius Cuedan,SpVgg Jettenbach,Mijlocaș stânga,,33,Germania,,https://www.transfermarkt.com/flavius-cuedan/profil/spieler/228062,https://www.transfermarkt.com/spieler-statistik/legionaere/statistik/stat/land_id/140/land/40/page/2
Flavius Oprea,ESV Südstern Singen,Mijlocaș,,33,Germania,,https://www.transfermarkt.com/flavius-oprea/profil/spieler/396853,https://www.transfermarkt.com/spieler-statistik/legionaere/statistik/stat/land_id/140/land/40/page/2
Flavius-Paul Dragomir,SV Bavaria Wiesen,Portar,,27,Germania,,https://www.transfermarkt.com/flavius-paul-dragomir/profil/spieler/685902,https://www.transfermarkt.com/spieler-statistik/legionaere/statistik/stat/land_id/140/land/40/page/7
Florentin-Mihai Tanase,TuS Winzenheim,Mijlocaș,,,Germania,,https://www.transfermarkt.com/florentin-mihai-tanase/profil/spieler/1585391,https://www.transfermarkt.com/spieler-statistik/legionaere/statistik/stat/land_id/140/land/40/page/16
Florin Anitoiu,Sportunion Aschbach,Fundaș stânga,,32,Austria,,https://www.transfermarkt.com/florin-anitoiu/profil/spieler/227992,https://www.transfermarkt.com/spieler-statistik/legionaere/statistik/stat/land_id/140/land/127
Florin Caragea,Bulgaria Hamburg,Mijlocaș,,,Germania,,https://www.transfermarkt.com/florin-caragea/profil/spieler/725063,https://www.transfermarkt.com/spieler-statistik/legionaere/statistik/stat/land_id/140/land/40/page/8
Florin Codrean,SC Berndorf,Mijlocaș,,27,Austria,,https://www.transfermarkt.com/florin-codrean/profil/spieler/1387720,https://www.transfermarkt.com/spieler-statistik/legionaere/statistik/stat/land_id/140/land/127/page/3
Florin Copăcian,TSV Lohr,Fundaș,,,Germania,,https://www.transfermarkt.com/florin-copacian/profil/spieler/938422,https://www.transfermarkt.com/spieler-statistik/legionaere/statistik/stat/land_id/140/land/40/page/9
Florin Doroftei,BSG Wismut Gera,Mijlocaș,,,Germania,,https://www.transfermarkt.com/florin-doroftei/profil/spieler/1480129,https://www.transfermarkt.com/spieler-statistik/legionaere/statistik/stat/land_id/140/land/40/page/15
Florin Fedor Tariuc,ASD Grifone Calcio,Fundaș central,,30,Italia,,https://www.transfermarkt.com/florin-fedor-tariuc/profil/spieler/407481,https://www.transfermarkt.com/spieler-statistik/legionaere/statistik/stat/land_id/140/land/75/page/2
Florin Găman,FC Freya Limbach,Mijlocaș,,33,Germania,,https://www.transfermarkt.com/florin-gaman/profil/spieler/1053817,https://www.transfermarkt.com/spieler-statistik/legionaere/statistik/stat/land_id/140/land/40/page/11
Florin Ghițe,Spvg. Solingen-Wald 03 II,Atacant,,21,Germania,,https://www.transfermarkt.com/florin-ghite/profil/spieler/1414225,https://www.transfermarkt.com/spieler-statistik/legionaere/statistik/stat/land_id/140/land/40/page/14
Florin Mois,VfB Fabbenstedt,Portar,,,Germania,,https://www.transfermarkt.com/florin-mois/profil/spieler/357240,https://www.transfermarkt.com/spieler-statistik/legionaere/statistik/stat/land_id/140/land/40/page/4
Florin Sabau,SV Ruchheim,Mijlocaș,,35,Germania,,https://www.transfermarkt.com/florin-sabau/profil/spieler/1295263,https://www.transfermarkt.com/spieler-statistik/legionaere/statistik/stat/land_id/140/land/40/page/13
Florin Stoica,FC Romania,Fundaș central,,34,Anglia,,https://www.transfermarkt.com/florin-stoica/profil/spieler/266168,https://www.transfermarkt.com/spieler-statistik/legionaere/statistik/stat/land_id/140/land/189
Florin Tesedan,SG Eppenbrunn,Mijlocaș ofensiv,,32,Germania,,https://www.transfermarkt.com/florin-tesedan/profil/spieler/968937,https://www.transfermarkt.com/spieler-statistik/legionaere/statistik/stat/land_id/140/land/40/page/10
Florin-David Ion,Dersimspor Hamburg,Atacant,,,Germania,Landesliga Hansa,https://www.transfermarkt.com/florin-david-ion/profil/spieler/944361,https://www.transfermarkt.com/spieler-statistik/legionaere/statistik/stat/land_id/140/land/40/page/10
Florin-Georgian Mincă,Bulgaria Hamburg,Mijlocaș,,,Germania,,https://www.transfermarkt.com/florin-georgian-minca/profil/spieler/947778,https://www.transfermarkt.com/spieler-statistik/legionaere/statistik/stat/land_id/140/land/40/page/10
Florin-Robert Stan,TJ Dalnice Sperice,Atacant,,24,Cehia,,https://www.transfermarkt.com/florin-robert-stan/profil/spieler/1428639,https://www.transfermarkt.com/spieler-statistik/legionaere/statistik/stat/land_id/140/land/172
Florin-Vasile Pomarleanu,SG Frischauf Fulda,Mijlocaș,,,Germania,,https://www.transfermarkt.com/florin-vasile-pomarleanu/profil/spieler/1176028,https://www.transfermarkt.com/spieler-statistik/legionaere/statistik/stat/land_id/140/land/40/page/12
Francisc Labai,Tatran Uhrovec,Atacant,,35,Slovacia,,https://www.transfermarkt.com/francisc-labai/profil/spieler/1233738,https://www.transfermarkt.com/spieler-statistik/legionaere/statistik/stat/land_id/140/land/154
Fredi Skurka,SpVgg Hengstfeld-Wallhausen,Mijlocaș central,,51,Germania,,https://www.transfermarkt.com/fredi-skurka/profil/spieler/11443,https://www.transfermarkt.com/spieler-statistik/legionaere/statistik/stat/land_id/140/land/40
G. Păduraru,USC Paloma Hamburg U17,Mijlocaș central,,16,Germania,,https://www.transfermarkt.com/g-paduraru/profil/spieler/1488159,https://www.transfermarkt.com/spieler-statistik/legionaere/statistik/stat/land_id/140/land/40/page/15
Gabriel Alexandrescu,UD Alboraya U19,Mijlocaș,,,Spania,,https://www.transfermarkt.com/gabriel-alexandrescu/profil/spieler/1552954,https://www.transfermarkt.com/spieler-statistik/legionaere/statistik/stat/land_id/140/land/157/page/3
Gabriel Boșoi,Lunano Calcio,Fundaș dreapta,,39,Italia,,https://www.transfermarkt.com/gabriel-bosoi/profil/spieler/212790,https://www.transfermarkt.com/spieler-statistik/legionaere/statistik/stat/land_id/140/land/75/page/2
Gabriel Broștic,Juventus Under 17,Portar,,16,Italia,Campionato Under 17 - A,https://www.transfermarkt.com/gabriel-brostic/profil/spieler/1339986,https://www.transfermarkt.com/spieler-statistik/legionaere/statistik/stat/land_id/140/land/75/page/5
Gabriel Donos,AS Lodigiani Calcio 1972,Mijlocaș stânga,,19,Italia,,https://www.transfermarkt.com/gabriel-donos/profil/spieler/1426436,https://www.transfermarkt.com/spieler-statistik/legionaere/statistik/stat/land_id/140/land/75/page/6
Gabriel Gera,Valencia Mestalla,Mijlocaș central,,19,Spania,Segunda Federación - Grupo III,https://www.transfermarkt.com/gabriel-gera/profil/spieler/1364999,https://www.transfermarkt.com/spieler-statistik/legionaere/statistik/stat/land_id/140/land/157/page/2
Gabriel Ghinea,FC Romania,Mijlocaș,,39,Anglia,,https://www.transfermarkt.com/gabriel-ghinea/profil/spieler/48668,https://www.transfermarkt.com/spieler-statistik/legionaere/statistik/stat/land_id/140/land/189
Gabriel Giulian Opriș,FC Dardania Lausanne II,Mijlocaș,,21,Elveția,,https://www.transfermarkt.com/gabriel-giulian-opris/profil/spieler/1265894,https://www.transfermarkt.com/spieler-statistik/legionaere/statistik/stat/land_id/140/land/148
Gabriel Iordache,SuS GW Barkenberg,Portar,,27,Germania,,https://www.transfermarkt.com/gabriel-iordache/profil/spieler/488440,https://www.transfermarkt.com/spieler-statistik/legionaere/statistik/stat/land_id/140/land/40/page/5
Gabriel Mendoza,ASD San Luca,Fundaș central,,22,Italia,,https://www.transfermarkt.com/gabriel-mendoza/profil/spieler/1237786,https://www.transfermarkt.com/spieler-statistik/legionaere/statistik/stat/land_id/140/land/75/page/5
Gabriel Pipi,Othellos Athienou,Extremă stânga,,21,Cipru,,https://www.transfermarkt.com/gabriel-pipi/profil/spieler/1457973,https://www.transfermarkt.com/spieler-statistik/legionaere/statistik/stat/land_id/140/land/188
Gabriel Repciuc,Juventus Primavera,Mijlocaș dreapta,,17,Italia,Primavera 1,https://www.transfermarkt.com/gabriel-repciuc/profil/spieler/1120615,https://www.transfermarkt.com/spieler-statistik/legionaere/statistik/stat/land_id/140/land/75/page/4
Gabriel Sandu, Bellegra 1962,Mijlocaș central,,26,Italia,,https://www.transfermarkt.com/gabriel-sandu/profil/spieler/451365,https://www.transfermarkt.com/spieler-statistik/legionaere/statistik/stat/land_id/140/land/75/page/3
Gabriel Simion,SV Kaisersbach,Fundaș central,,35,Germania,,https://www.transfermarkt.com/gabriel-simion/profil/spieler/413680,https://www.transfermarkt.com/spieler-statistik/legionaere/statistik/stat/land_id/140/land/40/page/5
Gabriel-Cristian-Dan Nedea,SV Westfalia Soest II,Portar,,,Germania,,https://www.transfermarkt.com/gabriel-cristian-dan-nedea/profil/spieler/1488749,https://www.transfermarkt.com/spieler-statistik/legionaere/statistik/stat/land_id/140/land/40/page/15
George Dumitru,TSV Grünwald,Mijlocaș central,,20,Germania,Landesliga Bayern Südost,https://www.transfermarkt.com/george-dumitru/profil/spieler/897061,https://www.transfermarkt.com/spieler-statistik/legionaere/statistik/stat/land_id/140/land/40/page/9
George Guiman,SC March,Atacant,,,Germania,,https://www.transfermarkt.com/george-guiman/profil/spieler/1287601,https://www.transfermarkt.com/spieler-statistik/legionaere/statistik/stat/land_id/140/land/40/page/13
George Prepeliță,Vicenza Primavera,Mijlocaș central,,18,Italia,Primavera 2 - A,https://www.transfermarkt.com/george-prepelita/profil/spieler/1432490,https://www.transfermarkt.com/spieler-statistik/legionaere/statistik/stat/land_id/140/land/75/page/6
George Vlăsceanu,SG Bunstruth/Haina/Haubern/Löhlbach,Mijlocaș dreapta,,37,Germania,,https://www.transfermarkt.com/george-vlasceanu/profil/spieler/287626,https://www.transfermarkt.com/spieler-statistik/legionaere/statistik/stat/land_id/140/land/40/page/2
George-Costin Iordache,TSV Ottersberg,Portar,,29,Germania,,https://www.transfermarkt.com/george-costin-iordache/profil/spieler/698600,https://www.transfermarkt.com/spieler-statistik/legionaere/statistik/stat/land_id/140/land/40/page/7
Georgi Giorgadse,FV Rammersweier,Fundaș,,,Germania,,https://www.transfermarkt.com/georgi-giorgadse/profil/spieler/947989,https://www.transfermarkt.com/spieler-statistik/legionaere/statistik/stat/land_id/140/land/40/page/10
Georgian Claudiu Iordache,FC Elmshorn,Fundaș,,26,Germania,Landesliga Hammonia,https://www.transfermarkt.com/georgian-claudiu-iordache/profil/spieler/1287640,https://www.transfermarkt.com/spieler-statistik/legionaere/statistik/stat/land_id/140/land/40/page/13
Georgian Tobă,VfR Wenings,Extremă dreapta,,37,Germania,,https://www.transfermarkt.com/georgian-toba/profil/spieler/156901,https://www.transfermarkt.com/spieler-statistik/legionaere/statistik/stat/land_id/140/land/40
Georgian-Armando Simin,FSV Wacker 03 Gotha II,Atacant central,,26,Germania,,https://www.transfermarkt.com/georgian-armando-simin/profil/spieler/537132,https://www.transfermarkt.com/spieler-statistik/legionaere/statistik/stat/land_id/140/land/40/page/6
Gheorghe Alexandru Strechie,Offenbacher SC Rosenhöhe,Atacant central,,25,Germania,,https://www.transfermarkt.com/gheorghe-alexandru-strechie/profil/spieler/724980,https://www.transfermarkt.com/spieler-statistik/legionaere/statistik/stat/land_id/140/land/40/page/8
Gheorghe Boltașu,SC Danubius Waldkraiburg,Atacant,,,Germania,,https://www.transfermarkt.com/gheorghe-boltasu/profil/spieler/729769,https://www.transfermarkt.com/spieler-statistik/legionaere/statistik/stat/land_id/140/land/40/page/8
Gheorghe Goșa,DJK Göggingen,Fundaș central,,45,Germania,,https://www.transfermarkt.com/gheorghe-gosa/profil/spieler/172785,https://www.transfermarkt.com/spieler-statistik/legionaere/statistik/stat/land_id/140/land/40
Gheorghe Meciu,Gullfálkinn,Mijlocaș,,,Islanda,,https://www.transfermarkt.com/gheorghe-meciu/profil/spieler/1110535,https://www.transfermarkt.com/spieler-statistik/legionaere/statistik/stat/land_id/140/land/73
Gheorghe Nitica,SG Schulzendorf,Atacant,,26,Germania,,https://www.transfermarkt.com/gheorghe-nitica/profil/spieler/1296155,https://www.transfermarkt.com/spieler-statistik/legionaere/statistik/stat/land_id/140/land/40/page/13
Gheorghe-Cosmin Dragotă,TuS Rüssingen,Portar,,35,Germania,,https://www.transfermarkt.com/gheorghe-cosmin-dragota/profil/spieler/498835,https://www.transfermarkt.com/spieler-statistik/legionaere/statistik/stat/land_id/140/land/40/page/5
Gheorghe-Daniel Timofte,SV Alemannia Mariadorf II,Mijlocaș,,28,Germania,,https://www.transfermarkt.com/gheorghe-daniel-timofte/profil/spieler/1169010,https://www.transfermarkt.com/spieler-statistik/legionaere/statistik/stat/land_id/140/land/40/page/12
Gheorghe-Dorin Ciobu,FC Germania Neureut,Portar,,,Germania,,https://www.transfermarkt.com/gheorghe-dorin-ciobu/profil/spieler/1571763,https://www.transfermarkt.com/spieler-statistik/legionaere/statistik/stat/land_id/140/land/40/page/16
Gheorghiță-Mihai Tănase,Türkgücü Eibensbach,Fundaș,,30,Germania,,https://www.transfermarkt.com/gheorghita-mihai-tanase/profil/spieler/770836,https://www.transfermarkt.com/spieler-statistik/legionaere/statistik/stat/land_id/140/land/40/page/8
Giani Bălașa,FC Voran Ohe,Mijlocaș,,34,Germania,Landesliga Hansa,https://www.transfermarkt.com/giani-balasa/profil/spieler/950188,https://www.transfermarkt.com/spieler-statistik/legionaere/statistik/stat/land_id/140/land/40/page/10
Giani Mihoc,Union SV Esternberg,Fundaș central,,26,Austria,,https://www.transfermarkt.com/giani-mihoc/profil/spieler/1114112,https://www.transfermarkt.com/spieler-statistik/legionaere/statistik/stat/land_id/140/land/127/page/2
Giovanny Popescu,FC Au-Berneck 05,Fundaș central,,26,Elveția,,https://www.transfermarkt.com/giovanny-popescu/profil/spieler/524712,https://www.transfermarkt.com/spieler-statistik/legionaere/statistik/stat/land_id/140/land/148
Grațian Gaudi,TuS Traunreut,Fundaș,,25,Germania,,https://www.transfermarkt.com/gratian-gaudi/profil/spieler/927960,https://www.transfermarkt.com/spieler-statistik/legionaere/statistik/stat/land_id/140/land/40/page/9
Gyula Zoltani,SV Wulkaprodersdorf,Portar,,29,Austria,,https://www.transfermarkt.com/gyula-zoltani/profil/spieler/1016814,https://www.transfermarkt.com/spieler-statistik/legionaere/statistik/stat/land_id/140/land/127/page/2
Helmut Robert Ötvös,Ahrensburger TSV,Fundaș central,,32,Germania,,https://www.transfermarkt.com/helmut-robert-otvos/profil/spieler/478025,https://www.transfermarkt.com/spieler-statistik/legionaere/statistik/stat/land_id/140/land/40/page/5
Horea Mureșan,SG Johanniskirchen/Emmersdorf,Fundaș central,,34,Germania,,https://www.transfermarkt.com/horea-muresan/profil/spieler/285903,https://www.transfermarkt.com/spieler-statistik/legionaere/statistik/stat/land_id/140/land/40/page/4
Ianis Avrămescu,Parma Primavera,Extremă dreapta,,17,Italia,Primavera 1,https://www.transfermarkt.com/ianis-avramescu/profil/spieler/1067298,https://www.transfermarkt.com/spieler-statistik/legionaere/statistik/stat/land_id/140/land/75/page/4
Ianis Dobrescu,Genoa Under 18,Atacant secund,,18,Italia,Campionato Under 18,https://www.transfermarkt.com/ianis-dobrescu/profil/spieler/1076326,https://www.transfermarkt.com/spieler-statistik/legionaere/statistik/stat/land_id/140/land/75/page/4
Ianis Mates,SK Strobl,Mijlocaș,,20,Austria,,https://www.transfermarkt.com/ianis-mates/profil/spieler/1246701,https://www.transfermarkt.com/spieler-statistik/legionaere/statistik/stat/land_id/140/land/127/page/3
Ianis Vulpe,FC Paços de Ferreira,Mijlocaș defensiv,,18,Portugalia,Liga 3,https://www.transfermarkt.com/ianis-vulpe/profil/spieler/1552646,https://www.transfermarkt.com/spieler-statistik/legionaere/statistik/stat/land_id/140/land/136
Iannis Niculescu,Levante UD Youth,Fundaș central,,16,Spania,,https://www.transfermarkt.com/iannis-niculescu/profil/spieler/1317219,https://www.transfermarkt.com/spieler-statistik/legionaere/statistik/stat/land_id/140/land/157/page/2
Ilie Burlacu,TuS Makkabi Berlin II,Atacant,,,Germania,,https://www.transfermarkt.com/ilie-burlacu/profil/spieler/675988,https://www.transfermarkt.com/spieler-statistik/legionaere/statistik/stat/land_id/140/land/40/page/7
Imre Biro,SV Gaflenz,Atacant,,40,Austria,,https://www.transfermarkt.com/imre-biro/profil/spieler/378832,https://www.transfermarkt.com/spieler-statistik/legionaere/statistik/stat/land_id/140/land/127/page/2
Ioan Arnau,FC Viktoria Jöhlingen,Fundaș,,,Germania,,https://www.transfermarkt.com/ioan-arnau/profil/spieler/738044,https://www.transfermarkt.com/spieler-statistik/legionaere/statistik/stat/land_id/140/land/40/page/8
Ioan Denis Tripon,FC 08 Homburg U19,Mijlocaș central,,17,Germania,,https://www.transfermarkt.com/ioan-denis-tripon/profil/spieler/1452348,https://www.transfermarkt.com/spieler-statistik/legionaere/statistik/stat/land_id/140/land/40/page/15
Ioan Doru Paveluca,Türkspor Eppingen,Fundaș,,,Germania,,https://www.transfermarkt.com/ioan-doru-paveluca/profil/spieler/1577710,https://www.transfermarkt.com/spieler-statistik/legionaere/statistik/stat/land_id/140/land/40/page/16
Ioan Dumitrașcu,SC Wallerstein,Mijlocaș,,35,Germania,,https://www.transfermarkt.com/ioan-dumitrascu/profil/spieler/609075,https://www.transfermarkt.com/spieler-statistik/legionaere/statistik/stat/land_id/140/land/40/page/6
Ioan Maris,TSV Bad Reichenhall,Atacant central,,32,Germania,,https://www.transfermarkt.com/ioan-maris/profil/spieler/241338,https://www.transfermarkt.com/spieler-statistik/legionaere/statistik/stat/land_id/140/land/40/page/2
Ioan Perdei,FC Löhne-Gohfeld,Atacant central,,49,Germania,,https://www.transfermarkt.com/ioan-perdei/profil/spieler/2383,https://www.transfermarkt.com/spieler-statistik/legionaere/statistik/stat/land_id/140/land/40
Ioan Precup,CD Roda U19,Mijlocaș defensiv,,17,Spania,,https://www.transfermarkt.com/ioan-precup/profil/spieler/1385387,https://www.transfermarkt.com/spieler-statistik/legionaere/statistik/stat/land_id/140/land/157/page/3
Ioan-Vasile Aparascai,TASV Hessigheim,Fundaș central,,22,Germania,,https://www.transfermarkt.com/ioan-vasile-aparascai/profil/spieler/1431604,https://www.transfermarkt.com/spieler-statistik/legionaere/statistik/stat/land_id/140/land/40/page/14
Ion Cercel,FC Bad Bellingen II,Fundaș,,,Germania,,https://www.transfermarkt.com/ion-cercel/profil/spieler/1441762,https://www.transfermarkt.com/spieler-statistik/legionaere/statistik/stat/land_id/140/land/40/page/15
Ion Cicală,BSC Marzahn,Fundaș,,32,Germania,,https://www.transfermarkt.com/ion-cicala/profil/spieler/1180347,https://www.transfermarkt.com/spieler-statistik/legionaere/statistik/stat/land_id/140/land/40/page/12
Ion Paul Fratea,SV Huchenfeld,Fundaș central,,30,Germania,,https://www.transfermarkt.com/ion-paul-fratea/profil/spieler/417779,https://www.transfermarkt.com/spieler-statistik/legionaere/statistik/stat/land_id/140/land/40/page/5
Ion Sorin Chitu,FC Au,Portar,,35,Austria,,https://www.transfermarkt.com/ion-sorin-chitu/profil/spieler/176106,https://www.transfermarkt.com/spieler-statistik/legionaere/statistik/stat/land_id/140/land/127
Ion-Daniel Radu,ESV Südstern Singen,Portar,,,Germania,,https://www.transfermarkt.com/ion-daniel-radu/profil/spieler/1193735,https://www.transfermarkt.com/spieler-statistik/legionaere/statistik/stat/land_id/140/land/40/page/12
Ionel Tabără,FV Nimburg,Fundaș central,,35,Germania,,https://www.transfermarkt.com/ionel-tabara/profil/spieler/177656,https://www.transfermarkt.com/spieler-statistik/legionaere/statistik/stat/land_id/140/land/40
Ionel-Marius Calin,ESV Südstern Singen,Mijlocaș,,,Germania,,https://www.transfermarkt.com/ionel-marius-calin/profil/spieler/1513980,https://www.transfermarkt.com/spieler-statistik/legionaere/statistik/stat/land_id/140/land/40/page/16
Ionut Ciungu,SV Burkheim,Atacant,,32,Germania,,https://www.transfermarkt.com/ionut-ciungu/profil/spieler/1420315,https://www.transfermarkt.com/spieler-statistik/legionaere/statistik/stat/land_id/140/land/40/page/14
Ionut Daniel Tuser,Hellas United,Mijlocaș,,,Germania,,https://www.transfermarkt.com/ionut-daniel-tuser/profil/spieler/1290272,https://www.transfermarkt.com/spieler-statistik/legionaere/statistik/stat/land_id/140/land/40/page/13
Ionut Durlea,SV St. Gallen,Mijlocaș,,37,Austria,,https://www.transfermarkt.com/ionut-durlea/profil/spieler/329686,https://www.transfermarkt.com/spieler-statistik/legionaere/statistik/stat/land_id/140/land/127
Ionut Ilieș,FC Romania,Fundaș dreapta,,24,Anglia,,https://www.transfermarkt.com/ionut-ilies/profil/spieler/810046,https://www.transfermarkt.com/spieler-statistik/legionaere/statistik/stat/land_id/140/land/189
Ionuț Ana,AS Panazol B ,Portar,,20,Franța,,https://www.transfermarkt.com/ionut-ana/profil/spieler/1425580,https://www.transfermarkt.com/spieler-statistik/legionaere/statistik/stat/land_id/140/land/50
Ionuț Badea,SV Vatan Spor Aschaffenburg,Mijlocaș ofensiv,,24,Germania,Landesliga Bayern Nordwest,https://www.transfermarkt.com/ionut-badea/profil/spieler/1157926,https://www.transfermarkt.com/spieler-statistik/legionaere/statistik/stat/land_id/140/land/40/page/12
Ionuț Bereșoae,Cradley Town FC,Mijlocaș,,36,Anglia,,https://www.transfermarkt.com/ionut-beresoae/profil/spieler/212787,https://www.transfermarkt.com/spieler-statistik/legionaere/statistik/stat/land_id/140/land/189
Ionuț Bîrzoi,SV Deutz 05,Mijlocaș,,20,Germania,Landesliga Mittelrhein Staffel 1,https://www.transfermarkt.com/ionut-birzoi/profil/spieler/1448503,https://www.transfermarkt.com/spieler-statistik/legionaere/statistik/stat/land_id/140/land/40/page/15
Ionuț Daniel Busuioc,VfB Uerdingen,Atacant,,,Germania,,https://www.transfermarkt.com/ionut-daniel-busuioc/profil/spieler/649338,https://www.transfermarkt.com/spieler-statistik/legionaere/statistik/stat/land_id/140/land/40/page/7
Ionuț Geoacăș,VfB Grün-Weiß Erfurt,Portar,,37,Germania,,https://www.transfermarkt.com/ionut-geoacas/profil/spieler/544366,https://www.transfermarkt.com/spieler-statistik/legionaere/statistik/stat/land_id/140/land/40/page/6
Ionuț Jugaru,FC Romania,Mijlocaș central,,32,Anglia,,https://www.transfermarkt.com/ionut-jugaru/profil/spieler/262124,https://www.transfermarkt.com/spieler-statistik/legionaere/statistik/stat/land_id/140/land/189
Ionuţ Lupu,SV Treptow 46,Mijlocaș,,,Germania,,https://www.transfermarkt.com/ionut-lupu/profil/spieler/1302778,https://www.transfermarkt.com/spieler-statistik/legionaere/statistik/stat/land_id/140/land/40/page/14
Ionuț Macovei,ASD Bibione,Atacant,,29,Italia,,https://www.transfermarkt.com/ionut-macovei/profil/spieler/321834,https://www.transfermarkt.com/spieler-statistik/legionaere/statistik/stat/land_id/140/land/75/page/2
Ionuț Micu,CD Utiel,Portar,,29,Spania,,https://www.transfermarkt.com/ionut-micu/profil/spieler/537128,https://www.transfermarkt.com/spieler-statistik/legionaere/statistik/stat/land_id/140/land/157
Ionuț Nae,FC Speranta Crihana Veche,Fundaș central,,39,Republica Moldova,,https://www.transfermarkt.com/ionut-nae/profil/spieler/208058,https://www.transfermarkt.com/spieler-statistik/legionaere/statistik/stat/land_id/140/land/112
Ionuț Oprea,Afríka Reykjavík,Mijlocaș,,,Islanda,,https://www.transfermarkt.com/ionut-oprea/profil/spieler/887342,https://www.transfermarkt.com/spieler-statistik/legionaere/statistik/stat/land_id/140/land/73
Ionuț Orza,Ercsi KSE,Atacant,,30,Ungaria,,https://www.transfermarkt.com/ionut-orza/profil/spieler/545313,https://www.transfermarkt.com/spieler-statistik/legionaere/statistik/stat/land_id/140/land/178
Ionuț Plăcintă,SV Fuhrberg,Portar,,,Germania,,https://www.transfermarkt.com/ionut-placinta/profil/spieler/598532,https://www.transfermarkt.com/spieler-statistik/legionaere/statistik/stat/land_id/140/land/40/page/6
Ionuț-Marian Munteanu,TV Gräfenhausen,Fundaș,,31,Germania,,https://www.transfermarkt.com/ionut-marian-munteanu/profil/spieler/942887,https://www.transfermarkt.com/spieler-statistik/legionaere/statistik/stat/land_id/140/land/40/page/10
Ionuț-Marius Albu,Club-Italia Berlin AdW,Mijlocaș,,41,Germania,,https://www.transfermarkt.com/ionut-marius-albu/profil/spieler/695050,https://www.transfermarkt.com/spieler-statistik/legionaere/statistik/stat/land_id/140/land/40/page/7
Ionuț-Nicușor Popescu,TSV Uetersen,Atacant,,,Germania,,https://www.transfermarkt.com/ionut-nicusor-popescu/profil/spieler/713495,https://www.transfermarkt.com/spieler-statistik/legionaere/statistik/stat/land_id/140/land/40/page/7
Iosif Răcean,SC Eintracht Freising,Fundaș central,,20,Germania,,https://www.transfermarkt.com/iosif-racean/profil/spieler/1192513,https://www.transfermarkt.com/spieler-statistik/legionaere/statistik/stat/land_id/140/land/40/page/12
Iosif Tulbure,Gullfálkinn,Mijlocaș,,,Islanda,,https://www.transfermarkt.com/iosif-tulbure/profil/spieler/1110536,https://www.transfermarkt.com/spieler-statistik/legionaere/statistik/stat/land_id/140/land/73
Iosif-Bogdan-Alexandru Muntean,SC 04 Tuttlingen,Mijlocaș,,,Germania,,https://www.transfermarkt.com/iosif-bogdan-alexandru-muntean/profil/spieler/1431156,https://www.transfermarkt.com/spieler-statistik/legionaere/statistik/stat/land_id/140/land/40/page/14
Iulian Carabela,Dobrudzha,Fundaș stânga,,30,Bulgaria,Vtora Liga,https://www.transfermarkt.com/iulian-carabela/profil/spieler/451567,https://www.transfermarkt.com/spieler-statistik/legionaere/statistik/stat/land_id/140/land/28
Iulian Coroamă,FCD Atletico Montalbano,Atacant central,,22,Italia,,https://www.transfermarkt.com/iulian-coroama/profil/spieler/1006422,https://www.transfermarkt.com/spieler-statistik/legionaere/statistik/stat/land_id/140/land/75/page/4
Iulian Nicolae Ciustea,Gullfálkinn,Mijlocaș,,,Islanda,,https://www.transfermarkt.com/iulian-nicolae-ciustea/profil/spieler/991825,https://www.transfermarkt.com/spieler-statistik/legionaere/statistik/stat/land_id/140/land/73
Iulian Stanc,SC Danubius Waldkraiburg,Portar,,,Germania,,https://www.transfermarkt.com/iulian-stanc/profil/spieler/729720,https://www.transfermarkt.com/spieler-statistik/legionaere/statistik/stat/land_id/140/land/40/page/8
Iustin Mateș,SK Strobl,Mijlocaș,,23,Austria,,https://www.transfermarkt.com/iustin-mates/profil/spieler/1422092,https://www.transfermarkt.com/spieler-statistik/legionaere/statistik/stat/land_id/140/land/127/page/3
Iustin-Cezar Folea,VfL Nagold,Fundaș,,20,Germania,,https://www.transfermarkt.com/iustin-cezar-folea/profil/spieler/1523790,https://www.transfermarkt.com/spieler-statistik/legionaere/statistik/stat/land_id/140/land/40/page/16
Jan-Tiberius Vintilă,SV Wersten 04,Mijlocaș,,25,Germania,,https://www.transfermarkt.com/jan-tiberius-vintila/profil/spieler/794806,https://www.transfermarkt.com/spieler-statistik/legionaere/statistik/stat/land_id/140/land/40/page/9
Julian Mocanu,SV Bad Schallerbach,Mijlocaș,,22,Austria,Regionalliga Nord,https://www.transfermarkt.com/julian-mocanu/profil/spieler/1570048,https://www.transfermarkt.com/spieler-statistik/legionaere/statistik/stat/land_id/140/land/127/page/4
Julian Zavate,SV Wacker Burghausen U19,Portar,,17,Germania,,https://www.transfermarkt.com/julian-zavate/profil/spieler/1498312,https://www.transfermarkt.com/spieler-statistik/legionaere/statistik/stat/land_id/140/land/40/page/16
Justin Schulz,SV Viktoria Wertheim,Mijlocaș dreapta,,28,Germania,,https://www.transfermarkt.com/justin-schulz/profil/spieler/989534,https://www.transfermarkt.com/spieler-statistik/legionaere/statistik/stat/land_id/140/land/40/page/10
Kalman-Robert Ilyes,FC Mariensiel,Mijlocaș,,27,Germania,,https://www.transfermarkt.com/kalman-robert-ilyes/profil/spieler/1064522,https://www.transfermarkt.com/spieler-statistik/legionaere/statistik/stat/land_id/140/land/40/page/11
Karim Catana,SPG Brixlegg/Rattenberg/Reith,Mijlocaș,,25,Austria,,https://www.transfermarkt.com/karim-catana/profil/spieler/694693,https://www.transfermarkt.com/spieler-statistik/legionaere/statistik/stat/land_id/140/land/127/page/2
Kevin Burkutean,SV Lengede,Mijlocaș,,,Germania,,https://www.transfermarkt.com/kevin-burkutean/profil/spieler/398226,https://www.transfermarkt.com/spieler-statistik/legionaere/statistik/stat/land_id/140/land/40/page/5
Kevin Fogoros,USC Markersdorf,Fundaș,,30,Austria,,https://www.transfermarkt.com/kevin-fogoros/profil/spieler/1148199,https://www.transfermarkt.com/spieler-statistik/legionaere/statistik/stat/land_id/140/land/127/page/2
Kevin Popovici,Union Dietach,Mijlocaș,,19,Austria,Regionalliga Nord,https://www.transfermarkt.com/kevin-popovici/profil/spieler/1192946,https://www.transfermarkt.com/spieler-statistik/legionaere/statistik/stat/land_id/140/land/127/page/3
Kevin Wadman,Queens Park Rangers Academy,Atacant central,,16,Anglia,,https://www.transfermarkt.com/kevin-wadman/profil/spieler/1375847,https://www.transfermarkt.com/spieler-statistik/legionaere/statistik/stat/land_id/140/land/189
Kristijan Nikolic,DSG DSV Eventus Wien,Mijlocaș ofensiv,,26,Austria,,https://www.transfermarkt.com/kristijan-nikolic/profil/spieler/1328030,https://www.transfermarkt.com/spieler-statistik/legionaere/statistik/stat/land_id/140/land/127/page/3
Krisztian Gagyi,Louth Town,Fundaș dreapta,,21,Anglia,,https://www.transfermarkt.com/krisztian-gagyi/profil/spieler/1242062,https://www.transfermarkt.com/spieler-statistik/legionaere/statistik/stat/land_id/140/land/189
Larry Nicolas Pirvu,APOEL Nicosia U19,Mijlocaș central,,17,Cipru,,https://www.transfermarkt.com/larry-nicolas-pirvu/profil/spieler/1535450,https://www.transfermarkt.com/spieler-statistik/legionaere/statistik/stat/land_id/140/land/188
László Molnár,Dunipace FC,Mijlocaș stânga,,29,Scoția,Scottish Lowland Football League,https://www.transfermarkt.com/laszlo-molnar/profil/spieler/228027,https://www.transfermarkt.com/spieler-statistik/legionaere/statistik/stat/land_id/140/land/190
Laurentiu-Marian Vacariu,HSV Barmbek-Uhlenhorst II,Portar,,20,Germania,Landesliga Hansa,https://www.transfermarkt.com/laurentiu-marian-vacariu/profil/spieler/1538164,https://www.transfermarkt.com/spieler-statistik/legionaere/statistik/stat/land_id/140/land/40/page/16
Laurentiu-Ovidiu Tirt,SV Blankenese,Mijlocaș,,22,Germania,,https://www.transfermarkt.com/laurentiu-ovidiu-tirt/profil/spieler/1377993,https://www.transfermarkt.com/spieler-statistik/legionaere/statistik/stat/land_id/140/land/40/page/14
Laurențiu Biemel,FC Esslingen,Mijlocaș ofensiv,,22,Germania,,https://www.transfermarkt.com/laurentiu-biemel/profil/spieler/653263,https://www.transfermarkt.com/spieler-statistik/legionaere/statistik/stat/land_id/140/land/40/page/7
Laurențiu Crăciun,SpVgg Amöneburg,Extremă dreapta,,29,Germania,,https://www.transfermarkt.com/laurentiu-craciun/profil/spieler/1307437,https://www.transfermarkt.com/spieler-statistik/legionaere/statistik/stat/land_id/140/land/40/page/14
Laurențiu Petean,SV Jechtingen,Mijlocaș central,,38,Germania,,https://www.transfermarkt.com/laurentiu-petean/profil/spieler/156644,https://www.transfermarkt.com/spieler-statistik/legionaere/statistik/stat/land_id/140/land/40
Laurențiu Radu,VV Rijnmond Hoogvliet Sport,Fundaș dreapta,,39,Țările de Jos,,https://www.transfermarkt.com/laurentiu-radu/profil/spieler/213663,https://www.transfermarkt.com/spieler-statistik/legionaere/statistik/stat/land_id/140/land/122
Laurențiu Weisz,SV Kohlhof,Fundaș,,35,Germania,,https://www.transfermarkt.com/laurentiu-weisz/profil/spieler/999171,https://www.transfermarkt.com/spieler-statistik/legionaere/statistik/stat/land_id/140/land/40/page/10
Lehel Modra,SCU St. Georgen/Ybbsfeld,Mijlocaș central,,30,Austria,,https://www.transfermarkt.com/lehel-modra/profil/spieler/461826,https://www.transfermarkt.com/spieler-statistik/legionaere/statistik/stat/land_id/140/land/127
Leonard Bizoi,Gullfálkinn,Mijlocaș,,,Islanda,,https://www.transfermarkt.com/leonard-bizoi/profil/spieler/1110533,https://www.transfermarkt.com/spieler-statistik/legionaere/statistik/stat/land_id/140/land/73
Leonard Jigalov,SV Friedburg,Extremă stânga,,23,Austria,Oberösterreich Liga,https://www.transfermarkt.com/leonard-jigalov/profil/spieler/908603,https://www.transfermarkt.com/spieler-statistik/legionaere/statistik/stat/land_id/140/land/127/page/2
Leonard Murariu,Lucchese Primavera,Portar,,17,Italia,,https://www.transfermarkt.com/leonard-murariu/profil/spieler/1524186,https://www.transfermarkt.com/spieler-statistik/legionaere/statistik/stat/land_id/140/land/75/page/7
Leonardo Ferroni,Tritium Calcio 1908,Fundaș central,,21,Italia,Serie D - Girone B,https://www.transfermarkt.com/leonardo-ferroni/profil/spieler/914264,https://www.transfermarkt.com/spieler-statistik/legionaere/statistik/stat/land_id/140/land/75/page/3
Liam-Rowan Buss,USV Grafendorf,Portar,,19,Austria,,https://www.transfermarkt.com/liam-rowan-buss/profil/spieler/1429147,https://www.transfermarkt.com/spieler-statistik/legionaere/statistik/stat/land_id/140/land/127/page/3
Liviu Nenciu,Viktoria Arnoldsweiler,Fundaș stânga,,20,Germania,,https://www.transfermarkt.com/liviu-nenciu/profil/spieler/1191647,https://www.transfermarkt.com/spieler-statistik/legionaere/statistik/stat/land_id/140/land/40/page/12
Liviu Pogonescu,SV Planegg-Krailling,Mijlocaș,,20,Germania,Landesliga Bayern Südost,https://www.transfermarkt.com/liviu-pogonescu/profil/spieler/1564925,https://www.transfermarkt.com/spieler-statistik/legionaere/statistik/stat/land_id/140/land/40/page/16
Liviu-Mihai Șoaită,VfR Zusenhofen,Atacant,,38,Germania,,https://www.transfermarkt.com/liviu-mihai-soaita/profil/spieler/609989,https://www.transfermarkt.com/spieler-statistik/legionaere/statistik/stat/land_id/140/land/40/page/6
Luca Botas,SV Franckviertel Linz,Atacant,,20,Austria,,https://www.transfermarkt.com/luca-botas/profil/spieler/917868,https://www.transfermarkt.com/spieler-statistik/legionaere/statistik/stat/land_id/140/land/127/page/2
Luca Burungiu,Mantova Primavera,Fundaș central,,17,Italia,Primavera 2 - A,https://www.transfermarkt.com/luca-burungiu/profil/spieler/1226636,https://www.transfermarkt.com/spieler-statistik/legionaere/statistik/stat/land_id/140/land/75/page/5
Luca Lungu,Sassuolo Primavera,Portar,,18,Italia,Primavera 1,https://www.transfermarkt.com/luca-lungu/profil/spieler/1376937,https://www.transfermarkt.com/spieler-statistik/legionaere/statistik/stat/land_id/140/land/75/page/6
Luca Pogaci,CS Italien GE,Mijlocaș,,20,Elveția,,https://www.transfermarkt.com/luca-pogaci/profil/spieler/1291127,https://www.transfermarkt.com/spieler-statistik/legionaere/statistik/stat/land_id/140/land/148
Luca Popescu,FK Pirmasens II,Fundaș central,,19,Germania,Verbandsliga Südwest,https://www.transfermarkt.com/luca-popescu/profil/spieler/1434834,https://www.transfermarkt.com/spieler-statistik/legionaere/statistik/stat/land_id/140/land/40/page/15
Lucas Stîngă,PSV Eindhoven Amateurs,Mijlocaș,,22,Țările de Jos,,https://www.transfermarkt.com/lucas-stinga/profil/spieler/1268268,https://www.transfermarkt.com/spieler-statistik/legionaere/statistik/stat/land_id/140/land/122
Lucas Vertic,SpVgg Greuther Fürth U17,Atacant central,,16,Germania,U17 DFB-Nachwuchsliga - Vorrunde Gruppe E,https://www.transfermarkt.com/lucas-vertic/profil/spieler/1444030,https://www.transfermarkt.com/spieler-statistik/legionaere/statistik/stat/land_id/140/land/40/page/15
Lucian Duminică,Padova Primavera,Fundaș,,18,Italia,Primavera 2 - A,https://www.transfermarkt.com/lucian-duminica/profil/spieler/1348162,https://www.transfermarkt.com/spieler-statistik/legionaere/statistik/stat/land_id/140/land/75/page/6
Lucian Ionescu,Törökbálinti TC,Fundaș,,29,Ungaria,,https://www.transfermarkt.com/lucian-ionescu/profil/spieler/315453,https://www.transfermarkt.com/spieler-statistik/legionaere/statistik/stat/land_id/140/land/178
Lucian Nicola,FC Bazenheid,Fundaș central,,29,Elveția,,https://www.transfermarkt.com/lucian-nicola/profil/spieler/1319469,https://www.transfermarkt.com/spieler-statistik/legionaere/statistik/stat/land_id/140/land/148
Lucian Pintilescu,Lüneburger SK Hansa II,Fundaș central,,27,Germania,,https://www.transfermarkt.com/lucian-pintilescu/profil/spieler/990648,https://www.transfermarkt.com/spieler-statistik/legionaere/statistik/stat/land_id/140/land/40/page/10
Luiz Liuba,Freiburger FC Youth,Fundaș,,,Germania,,https://www.transfermarkt.com/luiz-liuba/profil/spieler/1317218,https://www.transfermarkt.com/spieler-statistik/legionaere/statistik/stat/land_id/140/land/40/page/14
Lukas Iurea,SV Zehdenick,Mijlocaș,,23,Germania,,https://www.transfermarkt.com/lukas-iurea/profil/spieler/568576,https://www.transfermarkt.com/spieler-statistik/legionaere/statistik/stat/land_id/140/land/40/page/6
Lukas Jigalov,SV Schalchen,Atacant,,20,Austria,,https://www.transfermarkt.com/lukas-jigalov/profil/spieler/1033332,https://www.transfermarkt.com/spieler-statistik/legionaere/statistik/stat/land_id/140/land/127/page/2
Madalin-Florentin Goldis,FC Germania Neureut,Mijlocaș,,23,Germania,,https://www.transfermarkt.com/madalin-florentin-goldis/profil/spieler/1571777,https://www.transfermarkt.com/spieler-statistik/legionaere/statistik/stat/land_id/140/land/40/page/16
Marcel Burkutean,MTV Wolfenbüttel,Mijlocaș central,,,Germania,Landesliga Braunschweig,https://www.transfermarkt.com/marcel-burkutean/profil/spieler/407813,https://www.transfermarkt.com/spieler-statistik/legionaere/statistik/stat/land_id/140/land/40/page/5
Marcel Ghirăstău,SC Pfingstberg-Hochstätt,Atacant,,43,Germania,,https://www.transfermarkt.com/marcel-ghirastau/profil/spieler/199866,https://www.transfermarkt.com/spieler-statistik/legionaere/statistik/stat/land_id/140/land/40/page/4
Marcel Mititelu,ASV Wuppertal,Mijlocaș,,34,Germania,,https://www.transfermarkt.com/marcel-mititelu/profil/spieler/634441,https://www.transfermarkt.com/spieler-statistik/legionaere/statistik/stat/land_id/140/land/40/page/6
Marco Barb-Dudan,Sassuolo Under 18,Mijlocaș ofensiv,,17,Italia,Campionato Under 18,https://www.transfermarkt.com/marco-barb-dudan/profil/spieler/1241024,https://www.transfermarkt.com/spieler-statistik/legionaere/statistik/stat/land_id/140/land/75/page/5
Marco Chindea,Lucan United,Atacant central,,32,Irlanda,FAI National League,https://www.transfermarkt.com/marco-chindea/profil/spieler/278893,https://www.transfermarkt.com/spieler-statistik/legionaere/statistik/stat/land_id/140/land/72
Marcos Manolache,Real Zaragoza U19,Portar,,18,Spania,,https://www.transfermarkt.com/marcos-manolache/profil/spieler/1259832,https://www.transfermarkt.com/spieler-statistik/legionaere/statistik/stat/land_id/140/land/157/page/2
Marcus Precub,Türkspor Augsburg,Atacant,,21,Germania,Landesliga Bayern Südwest,https://www.transfermarkt.com/marcus-precub/profil/spieler/1557269,https://www.transfermarkt.com/spieler-statistik/legionaere/statistik/stat/land_id/140/land/40/page/16
Marian Ababei,Paternò Calcio,Fundaș dreapta,,23,Italia,,https://www.transfermarkt.com/marian-ababei/profil/spieler/1188006,https://www.transfermarkt.com/spieler-statistik/legionaere/statistik/stat/land_id/140/land/75/page/4
Marian Bănuță,Cabestany OC,Mijlocaș dreapta,,40,Franța,,https://www.transfermarkt.com/marian-banuta/profil/spieler/48815,https://www.transfermarkt.com/spieler-statistik/legionaere/statistik/stat/land_id/140/land/50
Marian Iordache,ATSV Salzburg II,Mijlocaș,,24,Austria,,https://www.transfermarkt.com/marian-iordache/profil/spieler/1586006,https://www.transfermarkt.com/spieler-statistik/legionaere/statistik/stat/land_id/140/land/127/page/4
Marian Murariu,SV Wörgl,Portar,,20,Austria,Tiroler Liga,https://www.transfermarkt.com/marian-murariu/profil/spieler/1510652,https://www.transfermarkt.com/spieler-statistik/legionaere/statistik/stat/land_id/140/land/127/page/3
Marian Năsui,FC Noertzange HF,Fundaș,,43,Luxembourg,,https://www.transfermarkt.com/marian-nasui/profil/spieler/711114,https://www.transfermarkt.com/spieler-statistik/legionaere/statistik/stat/land_id/140/land/99
Marian Popescu,ASC Dudweiler,Mijlocaș defensiv,,31,Germania,,https://www.transfermarkt.com/marian-popescu/profil/spieler/244659,https://www.transfermarkt.com/spieler-statistik/legionaere/statistik/stat/land_id/140/land/40/page/2
Marian Radu Dumitru,FC Neufahrn i.NB,Mijlocaș,,37,Germania,,https://www.transfermarkt.com/marian-radu-dumitru/profil/spieler/724503,https://www.transfermarkt.com/spieler-statistik/legionaere/statistik/stat/land_id/140/land/40/page/7
Marian Șerban,SV Hebertsfelden,Fundaș central,,23,Germania,,https://www.transfermarkt.com/marian-serban/profil/spieler/1149356,https://www.transfermarkt.com/spieler-statistik/legionaere/statistik/stat/land_id/140/land/40/page/11
Marian-Ștefan Stroe,Gullfálkinn,Mijlocaș,,,Islanda,,https://www.transfermarkt.com/marian-stefan-stroe/profil/spieler/887335,https://www.transfermarkt.com/spieler-statistik/legionaere/statistik/stat/land_id/140/land/73
Mario Alexandru Matei,Virtus Entella Primavera,Mijlocaș,,17,Italia,Primavera 2 - A,https://www.transfermarkt.com/mario-alexandru-matei/profil/spieler/1459543,https://www.transfermarkt.com/spieler-statistik/legionaere/statistik/stat/land_id/140/land/75/page/6
Mario Eduardo Soare,FC Stade-Payerne Youth,Mijlocaș,,19,Elveția,,https://www.transfermarkt.com/mario-eduardo-soare/profil/spieler/1192780,https://www.transfermarkt.com/spieler-statistik/legionaere/statistik/stat/land_id/140/land/148
Mario Gabriel Lami Enache,Aglianese Giovanili,Portar,,20,Italia,,https://www.transfermarkt.com/mario-gabriel-lami-enache/profil/spieler/1211476,https://www.transfermarkt.com/spieler-statistik/legionaere/statistik/stat/land_id/140/land/75/page/5
Mario Sergio Costea,Tuttocuoio Giovanili,Mijlocaș,,20,Italia,,https://www.transfermarkt.com/mario-sergio-costea/profil/spieler/1390798,https://www.transfermarkt.com/spieler-statistik/legionaere/statistik/stat/land_id/140/land/75/page/6
Mario-Cătălin Codreanu,VfB Frohnhausen,Mijlocaș ofensiv,,22,Germania,,https://www.transfermarkt.com/mario-catalin-codreanu/profil/spieler/1188407,https://www.transfermarkt.com/spieler-statistik/legionaere/statistik/stat/land_id/140/land/40/page/12
Marius Anghelache,FC Türk Sport Garching,Portar,,37,Germania,,https://www.transfermarkt.com/marius-anghelache/profil/spieler/213099,https://www.transfermarkt.com/spieler-statistik/legionaere/statistik/stat/land_id/140/land/40/page/2
Marius Bindiu,VfL Waldkraiburg,Extremă dreapta,,32,Germania,,https://www.transfermarkt.com/marius-bindiu/profil/spieler/729768,https://www.transfermarkt.com/spieler-statistik/legionaere/statistik/stat/land_id/140/land/40/page/8
Marius Bogdan,ASKÖ Mauthausen,Atacant central,,44,Austria,,https://www.transfermarkt.com/marius-bogdan/profil/spieler/276268,https://www.transfermarkt.com/spieler-statistik/legionaere/statistik/stat/land_id/140/land/127
Marius Boltașu,SC Danubius Waldkraiburg,Mijlocaș,,,Germania,,https://www.transfermarkt.com/marius-boltasu/profil/spieler/729718,https://www.transfermarkt.com/spieler-statistik/legionaere/statistik/stat/land_id/140/land/40/page/8
Marius Leca,FC Romania,Fundaș central,,26,Anglia,,https://www.transfermarkt.com/marius-leca/profil/spieler/567520,https://www.transfermarkt.com/spieler-statistik/legionaere/statistik/stat/land_id/140/land/189
Marius Oprea,TuS Wagenfeld,Mijlocaș,,,Germania,,https://www.transfermarkt.com/marius-oprea/profil/spieler/267634,https://www.transfermarkt.com/spieler-statistik/legionaere/statistik/stat/land_id/140/land/40/page/4
Marius Pătru,Biggleswade FC,Fundaș stânga,,30,Anglia,,https://www.transfermarkt.com/marius-patru/profil/spieler/289280,https://www.transfermarkt.com/spieler-statistik/legionaere/statistik/stat/land_id/140/land/189
Marius Stan,FC Malcantone,Extremă stânga,,27,Elveția,2. Liga interregional - Gruppe 4,https://www.transfermarkt.com/marius-stan/profil/spieler/608584,https://www.transfermarkt.com/spieler-statistik/legionaere/statistik/stat/land_id/140/land/148
Marius Șuta,SV Mochenwangen,Portar,,35,Germania,,https://www.transfermarkt.com/marius-suta/profil/spieler/164293,https://www.transfermarkt.com/spieler-statistik/legionaere/statistik/stat/land_id/140/land/40
Marius Țugui,SG Schönau,Mijlocaș,,31,Germania,,https://www.transfermarkt.com/marius-tugui/profil/spieler/597029,https://www.transfermarkt.com/spieler-statistik/legionaere/statistik/stat/land_id/140/land/40/page/6
Marius-Andrei Petre,FVgg Neudorf,Atacant central,,25,Germania,,https://www.transfermarkt.com/marius-andrei-petre/profil/spieler/728541,https://www.transfermarkt.com/spieler-statistik/legionaere/statistik/stat/land_id/140/land/40/page/8
Marius-Andrei Sava,FC Rohrendorf,Fundaș,,29,Austria,,https://www.transfermarkt.com/marius-andrei-sava/profil/spieler/439815,https://www.transfermarkt.com/spieler-statistik/legionaere/statistik/stat/land_id/140/land/127/page/2
Marius-Florin Matei,FC Ottenheim,Mijlocaș,,,Germania,,https://www.transfermarkt.com/marius-florin-matei/profil/spieler/1281085,https://www.transfermarkt.com/spieler-statistik/legionaere/statistik/stat/land_id/140/land/40/page/13
Marius-Stefan Albu,Sportunion Aschbach,Mijlocaș,,34,Austria,,https://www.transfermarkt.com/marius-stefan-albu/profil/spieler/1074904,https://www.transfermarkt.com/spieler-statistik/legionaere/statistik/stat/land_id/140/land/127/page/2
Martin-Armand Toma,SV Dessau 05 II,Atacant central,,21,Germania,,https://www.transfermarkt.com/martin-armand-toma/profil/spieler/1257682,https://www.transfermarkt.com/spieler-statistik/legionaere/statistik/stat/land_id/140/land/40/page/13
Matei Bărbat,Jong Cercle,Mijlocaș ofensiv,,16,Belgia,1ste Nationale VV,https://www.transfermarkt.com/matei-barbat/profil/spieler/1345752,https://www.transfermarkt.com/spieler-statistik/legionaere/statistik/stat/land_id/140/land/19
Matei Ceuca,Torino Primavera,Fundaș central,,18,Italia,Primavera 1,https://www.transfermarkt.com/matei-ceuca/profil/spieler/1315227,https://www.transfermarkt.com/spieler-statistik/legionaere/statistik/stat/land_id/140/land/75/page/5
Matei Pădure,VfL Wolfsburg U17,Mijlocaș ofensiv,,16,Germania,U17 DFB-Nachwuchsliga - Vorrunde Gruppe A,https://www.transfermarkt.com/matei-padure/profil/spieler/1339995,https://www.transfermarkt.com/spieler-statistik/legionaere/statistik/stat/land_id/140/land/40/page/14
Matteo Olaru,SV Unter-Flockenbach,Atacant,,24,Germania,Hessenliga,https://www.transfermarkt.com/matteo-olaru/profil/spieler/689454,https://www.transfermarkt.com/spieler-statistik/legionaere/statistik/stat/land_id/140/land/40/page/7
Matthias Mal,AKA St. Pölten U18,Fundaș central,,17,Austria,ÖFB Jugendliga U18,https://www.transfermarkt.com/matthias-mal/profil/spieler/1178735,https://www.transfermarkt.com/spieler-statistik/legionaere/statistik/stat/land_id/140/land/127/page/3
Matthias Steger,TSV Gersthofen,Atacant,,30,Germania,Landesliga Bayern Südwest,https://www.transfermarkt.com/matthias-steger/profil/spieler/393974,https://www.transfermarkt.com/spieler-statistik/legionaere/statistik/stat/land_id/140/land/40/page/4
Mattia Marian Cercel,Cittadella Primavera,Fundaș central,,18,Italia,Primavera 2 - A,https://www.transfermarkt.com/mattia-marian-cercel/profil/spieler/1446163,https://www.transfermarkt.com/spieler-statistik/legionaere/statistik/stat/land_id/140/land/75/page/6
Mattia Popescu,Imolese Primavera,Atacant central,,19,Italia,,https://www.transfermarkt.com/mattia-popescu/profil/spieler/1245024,https://www.transfermarkt.com/spieler-statistik/legionaere/statistik/stat/land_id/140/land/75/page/5
Matyas Laszlo,Békéscsaba 1912 Elöre SE,Mijlocaș central,,19,Ungaria,,https://www.transfermarkt.com/matyas-laszlo/profil/spieler/1124761,https://www.transfermarkt.com/spieler-statistik/legionaere/statistik/stat/land_id/140/land/178
Max Mocanu,FC Neuenhof,Mijlocaș ofensiv,,25,Elveția,,https://www.transfermarkt.com/max-mocanu/profil/spieler/518586,https://www.transfermarkt.com/spieler-statistik/legionaere/statistik/stat/land_id/140/land/148
Maximus Ghideu,SKN St. Pölten Juniors,Atacant secund,,17,Austria,1. Landesliga Niederösterreich,https://www.transfermarkt.com/maximus-ghideu/profil/spieler/1558172,https://www.transfermarkt.com/spieler-statistik/legionaere/statistik/stat/land_id/140/land/127/page/4
Mădălin Andreică,CD Arnedo,Mijlocaș central,,30,Spania,Segunda Federación - Grupo II,https://www.transfermarkt.com/madalin-andreica/profil/spieler/785816,https://www.transfermarkt.com/spieler-statistik/legionaere/statistik/stat/land_id/140/land/157/page/2
Mădălin Fizeșan,CD Tarancón,Extremă dreapta,,28,Spania,,https://www.transfermarkt.com/madalin-fizesan/profil/spieler/786034,https://www.transfermarkt.com/spieler-statistik/legionaere/statistik/stat/land_id/140/land/157
Mădălin Livan,SV Michelbach,Mijlocaș defensiv,,30,Germania,,https://www.transfermarkt.com/madalin-livan/profil/spieler/398604,https://www.transfermarkt.com/spieler-statistik/legionaere/statistik/stat/land_id/140/land/40/page/2
Mădălin Militaru,SV Eidinghausen-Werste,Fundaș central,,40,Germania,,https://www.transfermarkt.com/madalin-militaru/profil/spieler/97557,https://www.transfermarkt.com/spieler-statistik/legionaere/statistik/stat/land_id/140/land/40/page/3
Michael Drozd,SC Prottes,Mijlocaș ofensiv,,23,Austria,,https://www.transfermarkt.com/michael-drozd/profil/spieler/526002,https://www.transfermarkt.com/spieler-statistik/legionaere/statistik/stat/land_id/140/land/127
Mihai Adrian Gropeanu,VfB Ginsheim,Mijlocaș central,,26,Germania,Verbandsliga Hessen-Süd,https://www.transfermarkt.com/mihai-adrian-gropeanu/profil/spieler/684143,https://www.transfermarkt.com/spieler-statistik/legionaere/statistik/stat/land_id/140/land/40/page/7
Mihai Bitez,Concordia Hamburg,Atacant central,,33,Germania,Oberliga Hamburg,https://www.transfermarkt.com/mihai-bitez/profil/spieler/213581,https://www.transfermarkt.com/spieler-statistik/legionaere/statistik/stat/land_id/140/land/40/page/2
Mihai Calițoiu,Genoa Under 18,Mijlocaș defensiv,,18,Italia,Campionato Under 18,https://www.transfermarkt.com/mihai-calitoiu/profil/spieler/1067292,https://www.transfermarkt.com/spieler-statistik/legionaere/statistik/stat/land_id/140/land/75/page/4
Mihai Claudiu Gagea,SG Rotation Prenzlauer Berg,Mijlocaș,,23,Germania,,https://www.transfermarkt.com/mihai-claudiu-gagea/profil/spieler/1227712,https://www.transfermarkt.com/spieler-statistik/legionaere/statistik/stat/land_id/140/land/40/page/12
Mihai Dragomir,BV Essen II,Atacant,,,Germania,,https://www.transfermarkt.com/mihai-dragomir/profil/spieler/588795,https://www.transfermarkt.com/spieler-statistik/legionaere/statistik/stat/land_id/140/land/40/page/6
Mihai Moga,Rayo Vallecano Youth,Fundaș central,,18,Spania,,https://www.transfermarkt.com/mihai-moga/profil/spieler/1475110,https://www.transfermarkt.com/spieler-statistik/legionaere/statistik/stat/land_id/140/land/157/page/3
Mihai Moise,1.FC Schwalmstadt,Fundaș central,,35,Germania,Verbandsliga Hessen-Nord,https://www.transfermarkt.com/mihai-moise/profil/spieler/266146,https://www.transfermarkt.com/spieler-statistik/legionaere/statistik/stat/land_id/140/land/40/page/4
Mihai Petrescu,SV Viktoria Herxheim,Fundaș stânga,,39,Germania,Verbandsliga Südwest,https://www.transfermarkt.com/mihai-petrescu/profil/spieler/48889,https://www.transfermarkt.com/spieler-statistik/legionaere/statistik/stat/land_id/140/land/40
Mihai-Alexandru Brînzan,SV Haitzendorf,Mijlocaș,,18,Austria,,https://www.transfermarkt.com/mihai-alexandru-brinzan/profil/spieler/1270642,https://www.transfermarkt.com/spieler-statistik/legionaere/statistik/stat/land_id/140/land/127/page/3
Mihai-Lucian Foca,USV Ferschnitz,Atacant,,41,Austria,,https://www.transfermarkt.com/mihai-lucian-foca/profil/spieler/1381553,https://www.transfermarkt.com/spieler-statistik/legionaere/statistik/stat/land_id/140/land/127/page/3
Mihai-Sebastian Grecu,Harta SE,Fundaș,,39,Ungaria,,https://www.transfermarkt.com/mihai-sebastian-grecu/profil/spieler/403508,https://www.transfermarkt.com/spieler-statistik/legionaere/statistik/stat/land_id/140/land/178
Mihail Marinescu,Bracknell Town,Extremă dreapta,,21,Anglia,,https://www.transfermarkt.com/mihail-marinescu/profil/spieler/1428305,https://www.transfermarkt.com/spieler-statistik/legionaere/statistik/stat/land_id/140/land/189
Mihail Tutunaru,Leher TS Bremerhaven,Atacant central,,27,Germania,Bremenliga,https://www.transfermarkt.com/mihail-tutunaru/profil/spieler/1360788,https://www.transfermarkt.com/spieler-statistik/legionaere/statistik/stat/land_id/140/land/40/page/14
Mihaita Pocoaie,Hellas United,Mijlocaș,,26,Germania,,https://www.transfermarkt.com/mihaita-pocoaie/profil/spieler/1438912,https://www.transfermarkt.com/spieler-statistik/legionaere/statistik/stat/land_id/140/land/40/page/15
Milan-Marko Mihaila,SC Melk,Portar,,17,Austria,,https://www.transfermarkt.com/milan-marko-mihaila/profil/spieler/1273725,https://www.transfermarkt.com/spieler-statistik/legionaere/statistik/stat/land_id/140/land/127/page/3
Mircea Diaconita,Inter Hamburg,Mijlocaș,,,Germania,,https://www.transfermarkt.com/mircea-diaconita/profil/spieler/1077070,https://www.transfermarkt.com/spieler-statistik/legionaere/statistik/stat/land_id/140/land/40/page/11
Mircea Erciu,FC Grabs,Mijlocaș,,37,Elveția,,https://www.transfermarkt.com/mircea-erciu/profil/spieler/516396,https://www.transfermarkt.com/spieler-statistik/legionaere/statistik/stat/land_id/140/land/148
Mircea Gurzo,FC Sulz II,Portar,,42,Austria,,https://www.transfermarkt.com/mircea-gurzo/profil/spieler/678791,https://www.transfermarkt.com/spieler-statistik/legionaere/statistik/stat/land_id/140/land/127/page/2
Mircea Popa,SG Michendorf,Mijlocaș,,,Germania,,https://www.transfermarkt.com/mircea-popa/profil/spieler/1024644,https://www.transfermarkt.com/spieler-statistik/legionaere/statistik/stat/land_id/140/land/40/page/10
Mircea-Oliviu Vacaru,SV 1965 Erlenbach,Mijlocaș ofensiv,,29,Germania,,https://www.transfermarkt.com/mircea-oliviu-vacaru/profil/spieler/464128,https://www.transfermarkt.com/spieler-statistik/legionaere/statistik/stat/land_id/140/land/40/page/5
Mirel Drăguț,FSV Taunusstein,Fundaș,,38,Germania,,https://www.transfermarkt.com/mirel-dragut/profil/spieler/587175,https://www.transfermarkt.com/spieler-statistik/legionaere/statistik/stat/land_id/140/land/40/page/6
Miroslav-Bozidar Muselin,SPG Hirm/Zillingtal,Fundaș,,18,Austria,,https://www.transfermarkt.com/miroslav-bozidar-muselin/profil/spieler/1438670,https://www.transfermarkt.com/spieler-statistik/legionaere/statistik/stat/land_id/140/land/127/page/3
Moise Floarea,CD Castellón Youth,Atacant central,,16,Spania,,https://www.transfermarkt.com/moise-floarea/profil/spieler/1317222,https://www.transfermarkt.com/spieler-statistik/legionaere/statistik/stat/land_id/140/land/157/page/2
Moise Jurja,SV Holzkirchen,Mijlocaș,,26,Germania,,https://www.transfermarkt.com/moise-jurja/profil/spieler/394234,https://www.transfermarkt.com/spieler-statistik/legionaere/statistik/stat/land_id/140/land/40/page/5
Narcis-Cosmin Preda,FC Elmshorn,Mijlocaș,,26,Germania,Landesliga Hammonia,https://www.transfermarkt.com/narcis-cosmin-preda/profil/spieler/905300,https://www.transfermarkt.com/spieler-statistik/legionaere/statistik/stat/land_id/140/land/40/page/9
Nelu Răuță,Gullfálkinn,Mijlocaș,,,Islanda,,https://www.transfermarkt.com/nelu-rauta/profil/spieler/1110537,https://www.transfermarkt.com/spieler-statistik/legionaere/statistik/stat/land_id/140/land/73
Nico Cocuz,SC Caronnese,Mijlocaș defensiv,,29,Italia,,https://www.transfermarkt.com/nico-cocuz/profil/spieler/671983,https://www.transfermarkt.com/spieler-statistik/legionaere/statistik/stat/land_id/140/land/75/page/3
Nico Sofiu,Giants Grave,Mijlocaș dreapta,,22,Țara Galilor,,https://www.transfermarkt.com/nico-sofiu/profil/spieler/838775,https://www.transfermarkt.com/spieler-statistik/legionaere/statistik/stat/land_id/140/land/191
Nicola Oncu,ASV Siegendorf II,Atacant,,22,Austria,,https://www.transfermarkt.com/nicola-oncu/profil/spieler/1268708,https://www.transfermarkt.com/spieler-statistik/legionaere/statistik/stat/land_id/140/land/127/page/3
Nicolae Graur,SG Malberg/Rosenheim,Atacant,,25,Germania,Rheinlandliga,https://www.transfermarkt.com/nicolae-graur/profil/spieler/1290271,https://www.transfermarkt.com/spieler-statistik/legionaere/statistik/stat/land_id/140/land/40/page/13
Nicolae Nechita,TSV Gaimersheim,Mijlocaș,,28,Germania,,https://www.transfermarkt.com/nicolae-nechita/profil/spieler/500944,https://www.transfermarkt.com/spieler-statistik/legionaere/statistik/stat/land_id/140/land/40/page/5
Nicolae Oltean,SC Germania Nürnberg,Fundaș dreapta,,42,Germania,,https://www.transfermarkt.com/nicolae-oltean/profil/spieler/212689,https://www.transfermarkt.com/spieler-statistik/legionaere/statistik/stat/land_id/140/land/40/page/2
Nicolae Stefan,SV Rot-Weiss Wittlich II,Fundaș dreapta,,35,Germania,,https://www.transfermarkt.com/nicolae-stefan/profil/spieler/609894,https://www.transfermarkt.com/spieler-statistik/legionaere/statistik/stat/land_id/140/land/40/page/6
Nicolae-Augustin Apostol,FC Kronach,Atacant central,,26,Germania,,https://www.transfermarkt.com/nicolae-augustin-apostol/profil/spieler/1042627,https://www.transfermarkt.com/spieler-statistik/legionaere/statistik/stat/land_id/140/land/40/page/11
Nicolae-Petrisor Pop,SV Blindenmarkt,Mijlocaș,,40,Austria,,https://www.transfermarkt.com/nicolae-petrisor-pop/profil/spieler/1281046,https://www.transfermarkt.com/spieler-statistik/legionaere/statistik/stat/land_id/140/land/127/page/3
Nicolas Anghel,CD Castellón Youth,Fundaș central,,16,Spania,,https://www.transfermarkt.com/nicolas-anghel/profil/spieler/1398647,https://www.transfermarkt.com/spieler-statistik/legionaere/statistik/stat/land_id/140/land/157/page/3
Nicolas Blaj,Monza Under 17,Fundaș dreapta,,16,Italia,Campionato nazionale Under 17 - B,https://www.transfermarkt.com/nicolas-blaj/profil/spieler/1398646,https://www.transfermarkt.com/spieler-statistik/legionaere/statistik/stat/land_id/140/land/75/page/6
Nicolas Boianjicov,Frosinone Under 18,Portar,,17,Italia,Campionato Under 18,https://www.transfermarkt.com/nicolas-boianjicov/profil/spieler/1501383,https://www.transfermarkt.com/spieler-statistik/legionaere/statistik/stat/land_id/140/land/75/page/6
Nicolas Meșter,KAA Gent Youth,Extremă dreapta,,17,Belgia,,https://www.transfermarkt.com/nicolas-mester/profil/spieler/1261069,https://www.transfermarkt.com/spieler-statistik/legionaere/statistik/stat/land_id/140/land/19
Nicolas Mocanu,Derthona FBC,Fundaș,,17,Italia,Serie D - Girone A,https://www.transfermarkt.com/nicolas-mocanu/profil/spieler/1539224,https://www.transfermarkt.com/spieler-statistik/legionaere/statistik/stat/land_id/140/land/75/page/7
Nicolas Mușat,Hellas Verona Primavera,Atacant central,,18,Italia,Primavera 1,https://www.transfermarkt.com/nicolas-musat/profil/spieler/1380369,https://www.transfermarkt.com/spieler-statistik/legionaere/statistik/stat/land_id/140/land/75/page/6
Nicolas Reut,AS Nancy-Lorraine U19,Mijlocaș central,,17,Franța,Championnat National U19 - Groupe B,https://www.transfermarkt.com/nicolas-reut/profil/spieler/1348582,https://www.transfermarkt.com/spieler-statistik/legionaere/statistik/stat/land_id/140/land/50
Nicolas Rogoz,Juventus Under 18,Fundaș central,,17,Italia,Campionato Under 18,https://www.transfermarkt.com/nicolas-rogoz/profil/spieler/1327486,https://www.transfermarkt.com/spieler-statistik/legionaere/statistik/stat/land_id/140/land/75/page/5
Nicolos Esanu,Hellas Under 17,Fundaș central,,16,Italia,Campionato nazionale Under 17 - B,https://www.transfermarkt.com/nicolos-esanu/profil/spieler/1595268,https://www.transfermarkt.com/spieler-statistik/legionaere/statistik/stat/land_id/140/land/75/page/7
Nikola Petrovic,1. SC Kalksburg/Rodaun,Mijlocaș,,23,Austria,,https://www.transfermarkt.com/nikola-petrovic/profil/spieler/1025476,https://www.transfermarkt.com/spieler-statistik/legionaere/statistik/stat/land_id/140/land/127/page/2
Noe-Samuel Băcanu,1.FC Wilmersdorf,Mijlocaș,,19,Germania,Berlin-Liga,https://www.transfermarkt.com/noe-samuel-bacanu/profil/spieler/1445042,https://www.transfermarkt.com/spieler-statistik/legionaere/statistik/stat/land_id/140/land/40/page/15
Octavian Drăgan,TSV Großhadern,Mijlocaș ofensiv,,40,Germania,,https://www.transfermarkt.com/octavian-dragan/profil/spieler/212851,https://www.transfermarkt.com/spieler-statistik/legionaere/statistik/stat/land_id/140/land/40/page/2
Octavian Potcoavă,SC Willingen,Portar,,27,Germania,,https://www.transfermarkt.com/octavian-potcoava/profil/spieler/435695,https://www.transfermarkt.com/spieler-statistik/legionaere/statistik/stat/land_id/140/land/40/page/3
Oleksii Gongalschi,Druzstevnik Liptovska Stiavnica,Fundaș,,23,Slovacia,,https://www.transfermarkt.com/oleksii-gongalschi/profil/spieler/1315889,https://www.transfermarkt.com/spieler-statistik/legionaere/statistik/stat/land_id/140/land/154
Oluwafemi Williams,OSC Bremerhaven II,Portar,,33,Germania,,https://www.transfermarkt.com/oluwafemi-williams/profil/spieler/364701,https://www.transfermarkt.com/spieler-statistik/legionaere/statistik/stat/land_id/140/land/40/page/4
Otto Takacs,Csenger FC,Extremă stânga,,20,Ungaria,,https://www.transfermarkt.com/otto-takacs/profil/spieler/988357,https://www.transfermarkt.com/spieler-statistik/legionaere/statistik/stat/land_id/140/land/178
Ovidiu Mihai,FC Igenhausen,Atacant,,31,Germania,,https://www.transfermarkt.com/ovidiu-mihai/profil/spieler/341117,https://www.transfermarkt.com/spieler-statistik/legionaere/statistik/stat/land_id/140/land/40/page/2
Ovidiu Sterian,TSV Bernhausen,Fundaș central,,22,Germania,,https://www.transfermarkt.com/ovidiu-sterian/profil/spieler/976496,https://www.transfermarkt.com/spieler-statistik/legionaere/statistik/stat/land_id/140/land/40/page/3
Ovidiu-Adrian Tudoran,Gullfálkinn,Mijlocaș,,,Islanda,,https://www.transfermarkt.com/ovidiu-adrian-tudoran/profil/spieler/1110532,https://www.transfermarkt.com/spieler-statistik/legionaere/statistik/stat/land_id/140/land/73
Patrick Pîrv de Godoy,Mantova Primavera,Fundaș central,,18,Italia,Primavera 2 - A,https://www.transfermarkt.com/patrick-pirv-de-godoy/profil/spieler/1316253,https://www.transfermarkt.com/spieler-statistik/legionaere/statistik/stat/land_id/140/land/75/page/5
Patrik Braun,VfB Waldshut,Mijlocaș,,29,Germania,,https://www.transfermarkt.com/patrik-braun/profil/spieler/1040417,https://www.transfermarkt.com/spieler-statistik/legionaere/statistik/stat/land_id/140/land/40/page/10
Paul Bursuc,VfB Pößneck,Atacant,,39,Germania,,https://www.transfermarkt.com/paul-bursuc/profil/spieler/815713,https://www.transfermarkt.com/spieler-statistik/legionaere/statistik/stat/land_id/140/land/40/page/9
Paul Costea,FC Türk Sport Garching,Mijlocaș stânga,,27,Germania,,https://www.transfermarkt.com/paul-costea/profil/spieler/599465,https://www.transfermarkt.com/spieler-statistik/legionaere/statistik/stat/land_id/140/land/40/page/3
Paul Jivan,SC Türk Gücü Darmstadt,Portar,,37,Germania,,https://www.transfermarkt.com/paul-jivan/profil/spieler/104183,https://www.transfermarkt.com/spieler-statistik/legionaere/statistik/stat/land_id/140/land/40/page/3
Paul Luca,SC Danubius Waldkraiburg,Fundaș,,,Germania,,https://www.transfermarkt.com/paul-luca/profil/spieler/729766,https://www.transfermarkt.com/spieler-statistik/legionaere/statistik/stat/land_id/140/land/40/page/8
Paul Pohrib,Vicenza Primavera,Fundaș central,,16,Italia,Primavera 2 - A,https://www.transfermarkt.com/paul-pohrib/profil/spieler/1459647,https://www.transfermarkt.com/spieler-statistik/legionaere/statistik/stat/land_id/140/land/75/page/6
Paul Tulbure,Gullfálkinn,Mijlocaș,,,Islanda,,https://www.transfermarkt.com/paul-tulbure/profil/spieler/991585,https://www.transfermarkt.com/spieler-statistik/legionaere/statistik/stat/land_id/140/land/73
Paul Valentin,CD Utrillas,Extremă stânga,,25,Spania,,https://www.transfermarkt.com/paul-valentin/profil/spieler/1154976,https://www.transfermarkt.com/spieler-statistik/legionaere/statistik/stat/land_id/140/land/157
Paul-Darko Vătav,ESC Rellinghausen 06,Atacant secund,,19,Germania,Landesliga Niederrhein - Gruppe 2,https://www.transfermarkt.com/paul-darko-vatav/profil/spieler/1162988,https://www.transfermarkt.com/spieler-statistik/legionaere/statistik/stat/land_id/140/land/40/page/12
Paul-Gabriel Fleșeriu,Victoria Clarholz,Portar,,19,Germania,Oberliga Westfalen,https://www.transfermarkt.com/paul-gabriel-fleseriu/profil/spieler/1047414,https://www.transfermarkt.com/spieler-statistik/legionaere/statistik/stat/land_id/140/land/40/page/11
Pavel-Zoltan Vajda,SC Viktoria Nidda,Portar,,32,Germania,,https://www.transfermarkt.com/pavel-zoltan-vajda/profil/spieler/1140913,https://www.transfermarkt.com/spieler-statistik/legionaere/statistik/stat/land_id/140/land/40/page/11
Péter Berki,BFC Siófok,Atacant central,,37,Ungaria,,https://www.transfermarkt.com/peter-berki/profil/spieler/159182,https://www.transfermarkt.com/spieler-statistik/legionaere/statistik/stat/land_id/140/land/178
Petre Stîngaciu,Gullfálkinn,Mijlocaș,,,Islanda,,https://www.transfermarkt.com/petre-stingaciu/profil/spieler/1112008,https://www.transfermarkt.com/spieler-statistik/legionaere/statistik/stat/land_id/140/land/73
Petrica Dragos,TSU Jeging,Atacant central,,37,Austria,,https://www.transfermarkt.com/petrica-dragos/profil/spieler/212681,https://www.transfermarkt.com/spieler-statistik/legionaere/statistik/stat/land_id/140/land/127
Philipp Hallmen,ST Kraiberg,Atacant central,,35,Germania,,https://www.transfermarkt.com/philipp-hallmen/profil/spieler/168274,https://www.transfermarkt.com/spieler-statistik/legionaere/statistik/stat/land_id/140/land/40
Radoie Milenovici,SV Jugendkraft Albrechts,Portar,,39,Germania,,https://www.transfermarkt.com/radoie-milenovici/profil/spieler/46595,https://www.transfermarkt.com/spieler-statistik/legionaere/statistik/stat/land_id/140/land/40/page/3
Radu Chiriță,Turriff Thistle FC,Portar,,34,Scoția,,https://www.transfermarkt.com/radu-chirita/profil/spieler/192863,https://www.transfermarkt.com/spieler-statistik/legionaere/statistik/stat/land_id/140/land/190
Radu Nicolae Prepeliță,Delbrücker SC,Atacant central,,23,Germania,,https://www.transfermarkt.com/radu-nicolae-prepelita/profil/spieler/1046628,https://www.transfermarkt.com/spieler-statistik/legionaere/statistik/stat/land_id/140/land/40/page/11
Radu Ovidiu,B68 Toftir II,Fundaș,,,Insulele Feroe,,https://www.transfermarkt.com/radu-ovidiu/profil/spieler/1149098,https://www.transfermarkt.com/spieler-statistik/legionaere/statistik/stat/land_id/140/land/208
Radu Petre,WAF Brigittenau,Portar,,20,Austria,Wiener Stadtliga,https://www.transfermarkt.com/radu-petre/profil/spieler/949260,https://www.transfermarkt.com/spieler-statistik/legionaere/statistik/stat/land_id/140/land/127/page/2
Radu-Abiel Cifor,Klagenfurter AC 1909,Fundaș,,16,Austria,Kärntner Liga,https://www.transfermarkt.com/radu-abiel-cifor/profil/spieler/1545451,https://www.transfermarkt.com/spieler-statistik/legionaere/statistik/stat/land_id/140/land/127/page/4
Radu-Adrian Lupu,SV Naunhof 1920 II,Atacant,,24,Germania,,https://www.transfermarkt.com/radu-adrian-lupu/profil/spieler/1044481,https://www.transfermarkt.com/spieler-statistik/legionaere/statistik/stat/land_id/140/land/40/page/11
Raducu-Dumitru Poenaru,Hamburg Hurricanes,Mijlocaș,,,Germania,,https://www.transfermarkt.com/raducu-dumitru-poenaru/profil/spieler/1289162,https://www.transfermarkt.com/spieler-statistik/legionaere/statistik/stat/land_id/140/land/40/page/13
Rafael Fuleki,AS Saint-Étienne Youth,Portar,,17,Franța,,https://www.transfermarkt.com/rafael-fuleki/profil/spieler/1178725,https://www.transfermarkt.com/spieler-statistik/legionaere/statistik/stat/land_id/140/land/50
Raffael Mangu,Sportfreunde Grißheim,Atacant,,31,Germania,,https://www.transfermarkt.com/raffael-mangu/profil/spieler/464100,https://www.transfermarkt.com/spieler-statistik/legionaere/statistik/stat/land_id/140/land/40/page/5
Rajmund Niczuly,Cigánd SE,Portar,,22,Ungaria,,https://www.transfermarkt.com/rajmund-niczuly/profil/spieler/1012942,https://www.transfermarkt.com/spieler-statistik/legionaere/statistik/stat/land_id/140/land/178
Rany Motoi,Cremonese Under 17,Fundaș central,,16,Italia,Campionato Under 17 - A,https://www.transfermarkt.com/rany-motoi/profil/spieler/1515071,https://www.transfermarkt.com/spieler-statistik/legionaere/statistik/stat/land_id/140/land/75/page/6
Raoul Mal,Unitas Sciacca Calcio,Mijlocaș ofensiv,,26,Italia,,https://www.transfermarkt.com/raoul-mal/profil/spieler/393552,https://www.transfermarkt.com/spieler-statistik/legionaere/statistik/stat/land_id/140/land/75/page/2
Rareș Aenoaei,FC Igenhausen,Fundaș,,38,Germania,,https://www.transfermarkt.com/rares-aenoaei/profil/spieler/277756,https://www.transfermarkt.com/spieler-statistik/legionaere/statistik/stat/land_id/140/land/40/page/4
Rareș Băldean,SV 08 Laufenburg II,Mijlocaș,,26,Germania,,https://www.transfermarkt.com/rares-baldean/profil/spieler/840199,https://www.transfermarkt.com/spieler-statistik/legionaere/statistik/stat/land_id/140/land/40/page/3
Rareș Coman,Sassuolo Primavera,Mijlocaș central,,18,Italia,Primavera 1,https://www.transfermarkt.com/rares-coman/profil/spieler/1170998,https://www.transfermarkt.com/spieler-statistik/legionaere/statistik/stat/land_id/140/land/75/page/4
Rareș Duțan,Hellas Verona Under 18,Extremă stânga,,17,Italia,Campionato Under 18,https://www.transfermarkt.com/rares-dutan/profil/spieler/1592674,https://www.transfermarkt.com/spieler-statistik/legionaere/statistik/stat/land_id/140/land/75/page/7
Rareș Joițoiu,SV Munzingen,Fundaș central,,22,Germania,,https://www.transfermarkt.com/rares-joitoiu/profil/spieler/1060399,https://www.transfermarkt.com/spieler-statistik/legionaere/statistik/stat/land_id/140/land/40/page/11
Rareș Silitră,Borussia Mönchengladbach U19,Atacant central,,17,Germania,U19 DFB-Nachwuchsliga - Vorrunde Gruppe G,https://www.transfermarkt.com/rares-silitra/profil/spieler/1234948,https://www.transfermarkt.com/spieler-statistik/legionaere/statistik/stat/land_id/140/land/40/page/12
Rareș Tomoiagă,Union Saint-Gilloise U18,Fundaș stânga,,19,Belgia,,https://www.transfermarkt.com/rares-tomoiaga/profil/spieler/1230461,https://www.transfermarkt.com/spieler-statistik/legionaere/statistik/stat/land_id/140/land/19
Rareș Vlad,UD Ibiza,Portar,,20,Spania,Primera Federación - Grupo II,https://www.transfermarkt.com/rares-vlad/profil/spieler/1388066,https://www.transfermarkt.com/spieler-statistik/legionaere/statistik/stat/land_id/140/land/157/page/3
Raul Andrei Drăgescu,Padova Primavera,Fundaș,,17,Italia,Primavera 2 - A,https://www.transfermarkt.com/raul-andrei-dragescu/profil/spieler/1439309,https://www.transfermarkt.com/spieler-statistik/legionaere/statistik/stat/land_id/140/land/75/page/6
Raul Avram,Lazio U20,Fundaș dreapta,,17,Italia,Primavera 1,https://www.transfermarkt.com/raul-avram/profil/spieler/1456072,https://www.transfermarkt.com/spieler-statistik/legionaere/statistik/stat/land_id/140/land/75/page/6
Raul Cojocariu,Atalanta Primavera,Fundaș central,,18,Italia,Primavera 1,https://www.transfermarkt.com/raul-cojocariu/profil/spieler/1237612,https://www.transfermarkt.com/spieler-statistik/legionaere/statistik/stat/land_id/140/land/75/page/5
Raul Coprean,Polisportiva Puglianello,Portar,,21,Italia,,https://www.transfermarkt.com/raul-coprean/profil/spieler/930607,https://www.transfermarkt.com/spieler-statistik/legionaere/statistik/stat/land_id/140/land/75/page/3
Raul Crișan,SV Ornbau,Fundaș central,,38,Germania,,https://www.transfermarkt.com/raul-crisan/profil/spieler/175978,https://www.transfermarkt.com/spieler-statistik/legionaere/statistik/stat/land_id/140/land/40
Raul Doda,SC Viktoria Nidda,Fundaș,,29,Germania,,https://www.transfermarkt.com/raul-doda/profil/spieler/396851,https://www.transfermarkt.com/spieler-statistik/legionaere/statistik/stat/land_id/140/land/40/page/2
Raul Gogonea,FC Teningen,Extremă stânga,,19,Germania,Oberliga Baden-Württemberg,https://www.transfermarkt.com/raul-gogonea/profil/spieler/1159504,https://www.transfermarkt.com/spieler-statistik/legionaere/statistik/stat/land_id/140/land/40/page/12
Raul Matei,Virtus Entella Under 17,Mijlocaș ofensiv,,16,Italia,Campionato Under 17 - A,https://www.transfermarkt.com/raul-matei/profil/spieler/1339999,https://www.transfermarkt.com/spieler-statistik/legionaere/statistik/stat/land_id/140/land/75/page/5
Raul Pîrvu,SC Nebikon,Portar,,26,Elveția,,https://www.transfermarkt.com/raul-pirvu/profil/spieler/1191422,https://www.transfermarkt.com/spieler-statistik/legionaere/statistik/stat/land_id/140/land/148
Raul Savu,SV Sparta Werlte,Mijlocaș,,18,Germania,,https://www.transfermarkt.com/raul-savu/profil/spieler/1562180,https://www.transfermarkt.com/spieler-statistik/legionaere/statistik/stat/land_id/140/land/40/page/16
Raul Simian,FC Neufahrn i.NB,Extremă stânga,,29,Germania,,https://www.transfermarkt.com/raul-simian/profil/spieler/1005921,https://www.transfermarkt.com/spieler-statistik/legionaere/statistik/stat/land_id/140/land/40/page/10
Raul Szabo,Pietrasanta ASD,Mijlocaș ofensiv,,25,Italia,,https://www.transfermarkt.com/raul-szabo/profil/spieler/645084,https://www.transfermarkt.com/spieler-statistik/legionaere/statistik/stat/land_id/140/land/75/page/3
Raul Vancea,Watford FC U21,Fundaș stânga,,18,Anglia,,https://www.transfermarkt.com/raul-vancea/profil/spieler/1221598,https://www.transfermarkt.com/spieler-statistik/legionaere/statistik/stat/land_id/140/land/189
Raul Vereș,Las Rozas CF,Mijlocaș central,,19,Spania,,https://www.transfermarkt.com/raul-veres/profil/spieler/1479598,https://www.transfermarkt.com/spieler-statistik/legionaere/statistik/stat/land_id/140/land/157/page/3
Raul-Lucian Chira,Türkspor Mannheim,Portar,,39,Germania,,https://www.transfermarkt.com/raul-lucian-chira/profil/spieler/642048,https://www.transfermarkt.com/spieler-statistik/legionaere/statistik/stat/land_id/140/land/40/page/7
Razvan-Petrut Romasc,BSG Wismut Gera,Atacant,,,Germania,,https://www.transfermarkt.com/razvan-petrut-romasc/profil/spieler/1414400,https://www.transfermarkt.com/spieler-statistik/legionaere/statistik/stat/land_id/140/land/40/page/14
Răzvan Dobricean,VfB Bösingen,Mijlocaș ofensiv,,35,Germania,,https://www.transfermarkt.com/razvan-dobricean/profil/spieler/208712,https://www.transfermarkt.com/spieler-statistik/legionaere/statistik/stat/land_id/140/land/40/page/2
Răzvan Duma,FC Dynamo Erkelenz,Atacant,,21,Germania,,https://www.transfermarkt.com/razvan-duma/profil/spieler/1449900,https://www.transfermarkt.com/spieler-statistik/legionaere/statistik/stat/land_id/140/land/40/page/15
Răzvan Farcaș,CD Leganés U19,Portar,,18,Spania,,https://www.transfermarkt.com/razvan-farcas/profil/spieler/1132535,https://www.transfermarkt.com/spieler-statistik/legionaere/statistik/stat/land_id/140/land/157/page/2
Răzvan Marian,FC Unterföhring,Mijlocaș,,19,Germania,Landesliga Bayern Südost,https://www.transfermarkt.com/razvan-marian/profil/spieler/1411860,https://www.transfermarkt.com/spieler-statistik/legionaere/statistik/stat/land_id/140/land/40/page/14
Răzvan Moldoveanu,Ratingen 04/19 II,Mijlocaș,,24,Germania,,https://www.transfermarkt.com/razvan-moldoveanu/profil/spieler/926506,https://www.transfermarkt.com/spieler-statistik/legionaere/statistik/stat/land_id/140/land/40/page/9
Răzvan Mureșan,Florentia San Gimignano,Extremă stânga,,21,Italia,,https://www.transfermarkt.com/razvan-muresan/profil/spieler/995072,https://www.transfermarkt.com/spieler-statistik/legionaere/statistik/stat/land_id/140/land/75/page/4
Răzvan Ochiroșii,CD Palencia Cristo Atlético,Fundaș stânga,,37,Spania,,https://www.transfermarkt.com/razvan-ochirosii/profil/spieler/43761,https://www.transfermarkt.com/spieler-statistik/legionaere/statistik/stat/land_id/140/land/157
Răzvan Popa,Umutspor Troisdorf,Portar,,39,Germania,,https://www.transfermarkt.com/razvan-popa/profil/spieler/950558,https://www.transfermarkt.com/spieler-statistik/legionaere/statistik/stat/land_id/140/land/40/page/10
Răzvan-Marian Haloni,Geestemünder TV,Atacant,,23,Germania,,https://www.transfermarkt.com/razvan-marian-haloni/profil/spieler/1180435,https://www.transfermarkt.com/spieler-statistik/legionaere/statistik/stat/land_id/140/land/40/page/12
Remus Mangalagiu,Atlas S.Stefano,Mijlocaș central,,25,Italia,,https://www.transfermarkt.com/remus-mangalagiu/profil/spieler/582702,https://www.transfermarkt.com/spieler-statistik/legionaere/statistik/stat/land_id/140/land/75/page/3
Remus-Ionel Pruteanu,Lauenburger SV,Fundaș,,,Germania,,https://www.transfermarkt.com/remus-ionel-pruteanu/profil/spieler/913926,https://www.transfermarkt.com/spieler-statistik/legionaere/statistik/stat/land_id/140/land/40/page/9
Renaldo Bălașa,SV Viktoria Herxheim,Mijlocaș stânga,,31,Germania,Verbandsliga Südwest,https://www.transfermarkt.com/renaldo-balasa/profil/spieler/606749,https://www.transfermarkt.com/spieler-statistik/legionaere/statistik/stat/land_id/140/land/40/page/6
Renato Imbrea,ASD AC Corva,Fundaș central,,26,Italia,,https://www.transfermarkt.com/renato-imbrea/profil/spieler/397230,https://www.transfermarkt.com/spieler-statistik/legionaere/statistik/stat/land_id/140/land/75/page/2
Ricardo Filip,AS Verzaschesi,Portar,,28,Elveția,,https://www.transfermarkt.com/ricardo-filip/profil/spieler/1115102,https://www.transfermarkt.com/spieler-statistik/legionaere/statistik/stat/land_id/140/land/148
Riccardo Cracaoanu,Anzio Calcio 1924,Mijlocaș central,,18,Italia,Serie D - Girone G,https://www.transfermarkt.com/riccardo-cracaoanu/profil/spieler/1571496,https://www.transfermarkt.com/spieler-statistik/legionaere/statistik/stat/land_id/140/land/75/page/7
Riccardo Radu,Juventus Next Gen,Portar,,19,Italia,Serie C - Girone A,https://www.transfermarkt.com/riccardo-radu/profil/spieler/1124104,https://www.transfermarkt.com/spieler-statistik/legionaere/statistik/stat/land_id/140/land/75/page/4
Richard Cin,TSV Hohenfels,Mijlocaș central,,22,Germania,,https://www.transfermarkt.com/richard-cin/profil/spieler/1071640,https://www.transfermarkt.com/spieler-statistik/legionaere/statistik/stat/land_id/140/land/40/page/3
Robert Ambrosie,SK Asten,Fundaș dreapta,,33,Austria,,https://www.transfermarkt.com/robert-ambrosie/profil/spieler/524162,https://www.transfermarkt.com/spieler-statistik/legionaere/statistik/stat/land_id/140/land/127
Robert Bâră,TSV Allmendingen,Mijlocaș ofensiv,,39,Germania,,https://www.transfermarkt.com/robert-bara/profil/spieler/207121,https://www.transfermarkt.com/spieler-statistik/legionaere/statistik/stat/land_id/140/land/40/page/2
Robert Burcea,Korsnäs FF,Fundaș dreapta,,27,Finland,,https://www.transfermarkt.com/robert-burcea/profil/spieler/383226,https://www.transfermarkt.com/spieler-statistik/legionaere/statistik/stat/land_id/140/land/49
Robert Cenușă,SV Viktoria Herxheim,Extremă stânga,,19,Germania,Verbandsliga Südwest,https://www.transfermarkt.com/robert-cenusa/profil/spieler/1278393,https://www.transfermarkt.com/spieler-statistik/legionaere/statistik/stat/land_id/140/land/40/page/13
Robert Corduneanu,Fiorentina Primavera,Fundaș central,,17,Italia,Primavera 1,https://www.transfermarkt.com/robert-corduneanu/profil/spieler/1432303,https://www.transfermarkt.com/spieler-statistik/legionaere/statistik/stat/land_id/140/land/75/page/6
Robert Coșeraru,AlbinoLeffe Primavera,Mijlocaș,,17,Italia,Primavera 1,https://www.transfermarkt.com/robert-coseraru/profil/spieler/1523387,https://www.transfermarkt.com/spieler-statistik/legionaere/statistik/stat/land_id/140/land/75/page/6
Robert Cristescu,SCD Intangco Elche,Fundaș stânga,,17,Spania,,https://www.transfermarkt.com/robert-cristescu/profil/spieler/1486339,https://www.transfermarkt.com/spieler-statistik/legionaere/statistik/stat/land_id/140/land/157/page/3
Robert Drăghici,FC Augsburg U19,Mijlocaș ofensiv,,18,Germania,U19 DFB-Nachwuchsliga - Vorrunde Gruppe E,https://www.transfermarkt.com/robert-draghici/profil/spieler/1132539,https://www.transfermarkt.com/spieler-statistik/legionaere/statistik/stat/land_id/140/land/40/page/11
Robert Georgescu,TSV Ehningen II,Mijlocaș,,,Germania,,https://www.transfermarkt.com/robert-georgescu/profil/spieler/1285110,https://www.transfermarkt.com/spieler-statistik/legionaere/statistik/stat/land_id/140/land/40/page/13
Robert Herman,NK Trnje Zagreb,Mijlocaș,,20,Croația,,https://www.transfermarkt.com/robert-herman/profil/spieler/1387932,https://www.transfermarkt.com/spieler-statistik/legionaere/statistik/stat/land_id/140/land/37
Robert Irodia,St Joseph's FC Reserve,Extremă stânga,,27,Gibraltar,Gibraltar Reserve League,https://www.transfermarkt.com/robert-irodia/profil/spieler/1485531,https://www.transfermarkt.com/spieler-statistik/legionaere/statistik/stat/land_id/140/land/266
Robert Lungu,CF Peralada,Fundaș central,,23,Spania,,https://www.transfermarkt.com/robert-lungu/profil/spieler/666465,https://www.transfermarkt.com/spieler-statistik/legionaere/statistik/stat/land_id/140/land/157
Robert Ploscar,MTK Budapest U19,Mijlocaș defensiv,,17,Ungaria,,https://www.transfermarkt.com/robert-ploscar/profil/spieler/1179015,https://www.transfermarkt.com/spieler-statistik/legionaere/statistik/stat/land_id/140/land/178
Robert Răducan,Boston Town FC,Mijlocaș central,,29,Anglia,,https://www.transfermarkt.com/robert-raducan/profil/spieler/394484,https://www.transfermarkt.com/spieler-statistik/legionaere/statistik/stat/land_id/140/land/189
Robert Siscan,ASD Nuovo Cos Latina,Extremă dreapta,,27,Italia,,https://www.transfermarkt.com/robert-siscan/profil/spieler/578334,https://www.transfermarkt.com/spieler-statistik/legionaere/statistik/stat/land_id/140/land/75/page/3
Robert Stăncioiu,TuSpo Bad Münder,Mijlocaș ofensiv,,41,Germania,,https://www.transfermarkt.com/robert-stancioiu/profil/spieler/213668,https://www.transfermarkt.com/spieler-statistik/legionaere/statistik/stat/land_id/140/land/40/page/2
Robert Toma,Guidonia Montecelio 1937 FC,Fundaș central,,22,Italia,Serie C - Girone B,https://www.transfermarkt.com/robert-toma/profil/spieler/952366,https://www.transfermarkt.com/spieler-statistik/legionaere/statistik/stat/land_id/140/land/75/page/3
Robert-Csaba Bartha,TSC Euskirchen 1848/1913,Atacant,,25,Germania,,https://www.transfermarkt.com/robert-csaba-bartha/profil/spieler/1382976,https://www.transfermarkt.com/spieler-statistik/legionaere/statistik/stat/land_id/140/land/40/page/14
Roberto Daniel Malutan,SV Straßwalchen II,Mijlocaș,,18,Austria,,https://www.transfermarkt.com/roberto-daniel-malutan/profil/spieler/1540935,https://www.transfermarkt.com/spieler-statistik/legionaere/statistik/stat/land_id/140/land/127/page/4
Robyn Chirita,FC Schoenberg,Mijlocaș ofensiv,,28,Elveția,,https://www.transfermarkt.com/robyn-chirita/profil/spieler/491239,https://www.transfermarkt.com/spieler-statistik/legionaere/statistik/stat/land_id/140/land/148
Romeo Bănică,SC Borussia Fulda,Atacant central,,27,Germania,,https://www.transfermarkt.com/romeo-banica/profil/spieler/464314,https://www.transfermarkt.com/spieler-statistik/legionaere/statistik/stat/land_id/140/land/40/page/3
Romeo Ciprian Șpețcu,SG Bunstruth/Haina/Haubern/Löhlbach,Atacant,,37,Germania,,https://www.transfermarkt.com/romeo-ciprian-spetcu/profil/spieler/1288205,https://www.transfermarkt.com/spieler-statistik/legionaere/statistik/stat/land_id/140/land/40/page/13
Ruben Popa,FSV Pfaffenhofen II,Extremă stânga,,37,Germania,,https://www.transfermarkt.com/ruben-popa/profil/spieler/192769,https://www.transfermarkt.com/spieler-statistik/legionaere/statistik/stat/land_id/140/land/40/page/2
Ruben Vadai,Tatra Sokolany,Fundaș,,27,Slovacia,,https://www.transfermarkt.com/ruben-vadai/profil/spieler/597833,https://www.transfermarkt.com/spieler-statistik/legionaere/statistik/stat/land_id/140/land/154
Ryan Rusu,Milan Under 18,Mijlocaș ofensiv,,17,Italia,Campionato Under 18,https://www.transfermarkt.com/ryan-rusu/profil/spieler/1317215,https://www.transfermarkt.com/spieler-statistik/legionaere/statistik/stat/land_id/140/land/75/page/5
S. Margian,FSV Eintracht Hildburghausen,Atacant,,18,Germania,,https://www.transfermarkt.com/s-margian/profil/spieler/1444171,https://www.transfermarkt.com/spieler-statistik/legionaere/statistik/stat/land_id/140/land/40/page/15
Sabin Iosif,USD Castelnuovo Garfagnana,Mijlocaș central,,24,Italia,,https://www.transfermarkt.com/sabin-iosif/profil/spieler/824922,https://www.transfermarkt.com/spieler-statistik/legionaere/statistik/stat/land_id/140/land/75/page/3
Sabin Mateescu,US San Salvo,Atacant central,,21,Italia,,https://www.transfermarkt.com/sabin-mateescu/profil/spieler/1058259,https://www.transfermarkt.com/spieler-statistik/legionaere/statistik/stat/land_id/140/land/75/page/4
Salvatore Marrone,1.CfR Pforzheim,Extremă stânga,,25,Germania,Oberliga Baden-Württemberg,https://www.transfermarkt.com/salvatore-marrone/profil/spieler/519232,https://www.transfermarkt.com/spieler-statistik/legionaere/statistik/stat/land_id/140/land/40/page/3
Samuel Fuleki,AS Saint-Étienne Youth,Extremă dreapta,,17,Franța,,https://www.transfermarkt.com/samuel-fuleki/profil/spieler/1178723,https://www.transfermarkt.com/spieler-statistik/legionaere/statistik/stat/land_id/140/land/50
Samuel-Alexandru Alexandru,FC Srbija Ulm,Mijlocaș,,,Germania,,https://www.transfermarkt.com/samuel-alexandru-alexandru/profil/spieler/1432037,https://www.transfermarkt.com/spieler-statistik/legionaere/statistik/stat/land_id/140/land/40/page/15
Samuel-Cristian Vlaicu,SC Bubesheim,Atacant,,27,Germania,,https://www.transfermarkt.com/samuel-cristian-vlaicu/profil/spieler/1065125,https://www.transfermarkt.com/spieler-statistik/legionaere/statistik/stat/land_id/140/land/40/page/11
Samuel-Florin Timofte,FSG Ober-Schmitten/Eichelsdorf,Mijlocaș,,,Germania,,https://www.transfermarkt.com/samuel-florin-timofte/profil/spieler/1431302,https://www.transfermarkt.com/spieler-statistik/legionaere/statistik/stat/land_id/140/land/40/page/14
Sandu Poplăcean,1.FC Penzberg,Mijlocaș stânga,,33,Germania,,https://www.transfermarkt.com/sandu-poplacean/profil/spieler/732268,https://www.transfermarkt.com/spieler-statistik/legionaere/statistik/stat/land_id/140/land/40/page/8
Sascha Marinkovic,FC Kufstein,Atacant central,,33,Austria,Regionalliga West,https://www.transfermarkt.com/sascha-marinkovic/profil/spieler/208808,https://www.transfermarkt.com/spieler-statistik/legionaere/statistik/stat/land_id/140/land/127
Sasha Radu,SD Huesca U19,Fundaș dreapta,,18,Spania,,https://www.transfermarkt.com/sasha-radu/profil/spieler/1060692,https://www.transfermarkt.com/spieler-statistik/legionaere/statistik/stat/land_id/140/land/157/page/2
Saul Pleșca,Gresford Athletic,Extremă dreapta,,26,Țara Galilor,Cymru North,https://www.transfermarkt.com/saul-plesca/profil/spieler/1286469,https://www.transfermarkt.com/spieler-statistik/legionaere/statistik/stat/land_id/140/land/191
Săndel Buteseacă,Post-SV 1921 Zehlendorf,Mijlocaș,,36,Germania,,https://www.transfermarkt.com/sandel-buteseaca/profil/spieler/694955,https://www.transfermarkt.com/spieler-statistik/legionaere/statistik/stat/land_id/140/land/40/page/7
Sebastian Bacu,FCM Traiskirchen,Portar,,19,Austria,Regional League East,https://www.transfermarkt.com/sebastian-bacu/profil/spieler/1048603,https://www.transfermarkt.com/spieler-statistik/legionaere/statistik/stat/land_id/140/land/127/page/2
Sebastian Baltag,Anzio Calcio 1924,Atacant central,,17,Italia,Serie D - Girone G,https://www.transfermarkt.com/sebastian-baltag/profil/spieler/1571494,https://www.transfermarkt.com/spieler-statistik/legionaere/statistik/stat/land_id/140/land/75/page/7
Sebastian Burlacu,Como Primavera,Mijlocaș defensiv,,18,Italia,Primavera 1,https://www.transfermarkt.com/sebastian-burlacu/profil/spieler/1076322,https://www.transfermarkt.com/spieler-statistik/legionaere/statistik/stat/land_id/140/land/75/page/4
Sebastian Echimov,ASD Sale,Mijlocaș defensiv,,27,Italia,,https://www.transfermarkt.com/sebastian-echimov/profil/spieler/413603,https://www.transfermarkt.com/spieler-statistik/legionaere/statistik/stat/land_id/140/land/75/page/2
Sebastian Ionuţ Ilie,SV Schelsen,Mijlocaș,,,Germania,,https://www.transfermarkt.com/sebastian-ionut-ilie/profil/spieler/1115516,https://www.transfermarkt.com/spieler-statistik/legionaere/statistik/stat/land_id/140/land/40/page/11
Sebastian Iorga,1.FC Südring Aschaffenburg,Extremă stânga,,29,Germania,,https://www.transfermarkt.com/sebastian-iorga/profil/spieler/974705,https://www.transfermarkt.com/spieler-statistik/legionaere/statistik/stat/land_id/140/land/40/page/10
Sebastian Nichitoi,SV Essling,Mijlocaș,,26,Austria,,https://www.transfermarkt.com/sebastian-nichitoi/profil/spieler/591339,https://www.transfermarkt.com/spieler-statistik/legionaere/statistik/stat/land_id/140/land/127/page/2
Sebastian Serediuc,Lleida CF,Atacant central,,26,Spania,,https://www.transfermarkt.com/sebastian-serediuc/profil/spieler/633092,https://www.transfermarkt.com/spieler-statistik/legionaere/statistik/stat/land_id/140/land/157
Sebastian Tamisi,ASV Draßburg/Mattersburg II,Fundaș,,18,Austria,,https://www.transfermarkt.com/sebastian-tamisi/profil/spieler/1294517,https://www.transfermarkt.com/spieler-statistik/legionaere/statistik/stat/land_id/140/land/127/page/3
Sebastian-George Granga,HSV Barmbek-Uhlenhorst II,Portar,,18,Germania,Landesliga Hansa,https://www.transfermarkt.com/sebastian-george-granga/profil/spieler/1581348,https://www.transfermarkt.com/spieler-statistik/legionaere/statistik/stat/land_id/140/land/40/page/16
Sebastian-Marian Rus,Puskás Akadémia FC II,Mijlocaș,,18,Ungaria,,https://www.transfermarkt.com/sebastian-marian-rus/profil/spieler/1317255,https://www.transfermarkt.com/spieler-statistik/legionaere/statistik/stat/land_id/140/land/178
Sebastian-Ștefan Cojanu,KÁ Ásvellir,Mijlocaș,,,Islanda,,https://www.transfermarkt.com/sebastian-stefan-cojanu/profil/spieler/994494,https://www.transfermarkt.com/spieler-statistik/legionaere/statistik/stat/land_id/140/land/73
Sergiu Ojog,ASD Calcio Ponte Nelle Alpi,Mijlocaș,,29,Italia,,https://www.transfermarkt.com/sergiu-ojog/profil/spieler/405955,https://www.transfermarkt.com/spieler-statistik/legionaere/statistik/stat/land_id/140/land/75/page/3
Sergiu Popîrlan,RSD Alcalá,Portar,,19,Spania,Segunda Federación - Grupo V,https://www.transfermarkt.com/sergiu-popirlan/profil/spieler/1452519,https://www.transfermarkt.com/spieler-statistik/legionaere/statistik/stat/land_id/140/land/157/page/3
Sergiu Scărlătescu,SG Merenberg,Mijlocaș dreapta,,37,Germania,,https://www.transfermarkt.com/sergiu-scarlatescu/profil/spieler/177652,https://www.transfermarkt.com/spieler-statistik/legionaere/statistik/stat/land_id/140/land/40
Silviu Adochiței,SSG Ulm 99,Mijlocaș defensiv,,25,Germania,,https://www.transfermarkt.com/silviu-adochitei/profil/spieler/681723,https://www.transfermarkt.com/spieler-statistik/legionaere/statistik/stat/land_id/140/land/40/page/7
Silviu Capotă,SV Kickers Pforzheim,Mijlocaș,,21,Germania,,https://www.transfermarkt.com/silviu-capota/profil/spieler/929258,https://www.transfermarkt.com/spieler-statistik/legionaere/statistik/stat/land_id/140/land/40/page/9
Silviu Păcurariu,FC Bad Dürrheim,Mijlocaș,,34,Germania,,https://www.transfermarkt.com/silviu-pacurariu/profil/spieler/359255,https://www.transfermarkt.com/spieler-statistik/legionaere/statistik/stat/land_id/140/land/40/page/4
Silviu Pena,Calvo Sotelo Puertollano CF,Mijlocaș central,,23,Spania,Segunda Federación - Grupo V,https://www.transfermarkt.com/silviu-pena/profil/spieler/1124154,https://www.transfermarkt.com/spieler-statistik/legionaere/statistik/stat/land_id/140/land/157/page/2
Simon Lungu,TSV Wolfstein,Mijlocaș,,30,Germania,,https://www.transfermarkt.com/simon-lungu/profil/spieler/668004,https://www.transfermarkt.com/spieler-statistik/legionaere/statistik/stat/land_id/140/land/40/page/7
Sorin Cucu,Elan Chevilly-Larue,Fundaș stânga,,36,Franța,,https://www.transfermarkt.com/sorin-cucu/profil/spieler/98323,https://www.transfermarkt.com/spieler-statistik/legionaere/statistik/stat/land_id/140/land/50
Sorin Leucuța,SG Werratal,Atacant central,,35,Germania,,https://www.transfermarkt.com/sorin-leucuta/profil/spieler/519791,https://www.transfermarkt.com/spieler-statistik/legionaere/statistik/stat/land_id/140/land/40/page/5
Sorin Oproiescu,Olbia Calcio 1905,Fundaș central,,38,Italia,,https://www.transfermarkt.com/sorin-oproiescu/profil/spieler/300448,https://www.transfermarkt.com/spieler-statistik/legionaere/statistik/stat/land_id/140/land/75/page/2
Sorin Rădoi,Forlimpopoli Calcio,Atacant secund,,36,Italia,,https://www.transfermarkt.com/sorin-radoi/profil/spieler/84762,https://www.transfermarkt.com/spieler-statistik/legionaere/statistik/stat/land_id/140/land/75/page/2
Sorin Răducu,Körösladányi MSK,Fundaș central,,37,Ungaria,,https://www.transfermarkt.com/sorin-raducu/profil/spieler/209090,https://www.transfermarkt.com/spieler-statistik/legionaere/statistik/stat/land_id/140/land/178
Stefan Graure,FK Jedinstvo Vlajkovac,Mijlocaș,,21,Serbia,,https://www.transfermarkt.com/stefan-graure/profil/spieler/871313,https://www.transfermarkt.com/spieler-statistik/legionaere/statistik/stat/land_id/140/land/215
Stefan Minoiu,Hellas United,Atacant,,,Germania,,https://www.transfermarkt.com/stefan-minoiu/profil/spieler/1438932,https://www.transfermarkt.com/spieler-statistik/legionaere/statistik/stat/land_id/140/land/40/page/15
Stefan Murariu,Hellas United,Mijlocaș,,,Germania,,https://www.transfermarkt.com/stefan-murariu/profil/spieler/1290260,https://www.transfermarkt.com/spieler-statistik/legionaere/statistik/stat/land_id/140/land/40/page/13
Stefan Vasilescu,MTV Wünsdorf 1910,Portar,,,Germania,,https://www.transfermarkt.com/stefan-vasilescu/profil/spieler/1302436,https://www.transfermarkt.com/spieler-statistik/legionaere/statistik/stat/land_id/140/land/40/page/13
Stefano Precupanu,Juventus Primavera,Mijlocaș stânga,,17,Italia,Primavera 1,https://www.transfermarkt.com/stefano-precupanu/profil/spieler/1120692,https://www.transfermarkt.com/spieler-statistik/legionaere/statistik/stat/land_id/140/land/75/page/4
Ștefan Amarandei,Sampdoria Primavera,Mijlocaș central,,18,Italia,Primavera 2 - A,https://www.transfermarkt.com/stefan-amarandei/profil/spieler/1317254,https://www.transfermarkt.com/spieler-statistik/legionaere/statistik/stat/land_id/140/land/75/page/5
Ștefan Chiriac,Cádiz CF Youth,Portar,,16,Spania,,https://www.transfermarkt.com/stefan-chiriac/profil/spieler/1314071,https://www.transfermarkt.com/spieler-statistik/legionaere/statistik/stat/land_id/140/land/157/page/2
Ștefan Cojocaru,Anderlecht Youth Talents,Fundaș stânga,,29,Belgia,,https://www.transfermarkt.com/stefan-cojocaru/profil/spieler/312403,https://www.transfermarkt.com/spieler-statistik/legionaere/statistik/stat/land_id/140/land/19
Ștefan Năstac,Sampdoria Under 17,Atacant central,,16,Italia,Campionato Under 17 - A,https://www.transfermarkt.com/stefan-nastac/profil/spieler/1468225,https://www.transfermarkt.com/spieler-statistik/legionaere/statistik/stat/land_id/140/land/75/page/6
Ștefan Tronaru,SC Danubius Waldkraiburg,Fundaș,,,Germania,,https://www.transfermarkt.com/stefan-tronaru/profil/spieler/729764,https://www.transfermarkt.com/spieler-statistik/legionaere/statistik/stat/land_id/140/land/40/page/8
Tamás Bojtos,Tiszaföldvár VSE,Atacant central,,24,Ungaria,,https://www.transfermarkt.com/tamas-bojtos/profil/spieler/813851,https://www.transfermarkt.com/spieler-statistik/legionaere/statistik/stat/land_id/140/land/178
Tamas Magdas,FV Göbrichen,Atacant,,32,Germania,,https://www.transfermarkt.com/tamas-magdas/profil/spieler/786943,https://www.transfermarkt.com/spieler-statistik/legionaere/statistik/stat/land_id/140/land/40/page/9
Teodor-Doru Floreanu,Gullfálkinn,Mijlocaș,,,Islanda,,https://www.transfermarkt.com/teodor-doru-floreanu/profil/spieler/1112006,https://www.transfermarkt.com/spieler-statistik/legionaere/statistik/stat/land_id/140/land/73
Thomas Ivan,TSV Münchingen,Fundaș central,,28,Germania,,https://www.transfermarkt.com/thomas-ivan/profil/spieler/520521,https://www.transfermarkt.com/spieler-statistik/legionaere/statistik/stat/land_id/140/land/40/page/5
Thomas Sincan,SV Schwechat,Atacant central,,18,Austria,Wiener Stadtliga,https://www.transfermarkt.com/thomas-sincan/profil/spieler/1468011,https://www.transfermarkt.com/spieler-statistik/legionaere/statistik/stat/land_id/140/land/127/page/3
Tiberiu-Filip Rus,ESV Wolfenbüttel,Mijlocaș,,,Germania,,https://www.transfermarkt.com/tiberiu-filip-rus/profil/spieler/826002,https://www.transfermarkt.com/spieler-statistik/legionaere/statistik/stat/land_id/140/land/40/page/9
Timotei Pintoiu,Johannis 83 Nürnberg,Mijlocaș,,27,Germania,,https://www.transfermarkt.com/timotei-pintoiu/profil/spieler/596774,https://www.transfermarkt.com/spieler-statistik/legionaere/statistik/stat/land_id/140/land/40/page/6
Tomy Ritivoy,FC Srbija Ulm,Fundaș,,43,Germania,,https://www.transfermarkt.com/tomy-ritivoy/profil/spieler/213098,https://www.transfermarkt.com/spieler-statistik/legionaere/statistik/stat/land_id/140/land/40/page/4
Traian Jarda,FC Champagne Sports II,Fundaș stânga,,32,Elveția,,https://www.transfermarkt.com/traian-jarda/profil/spieler/228606,https://www.transfermarkt.com/spieler-statistik/legionaere/statistik/stat/land_id/140/land/148
Traian-Daniel Ștefănoaea,Hellas United,Fundaș,,,Germania,,https://www.transfermarkt.com/traian-daniel-stefanoaea/profil/spieler/1438915,https://www.transfermarkt.com/spieler-statistik/legionaere/statistik/stat/land_id/140/land/40/page/15
Tudor Broinaș,Inter Youth,Atacant central,,15,Italia,,https://www.transfermarkt.com/tudor-broinas/profil/spieler/1472268,https://www.transfermarkt.com/spieler-statistik/legionaere/statistik/stat/land_id/140/land/75/page/6
Tudor Cocu,AC Horsens U19,Fundaș central,,18,Danemarca,U19 Boys League,https://www.transfermarkt.com/tudor-cocu/profil/spieler/1067287,https://www.transfermarkt.com/spieler-statistik/legionaere/statistik/stat/land_id/140/land/39
Tudor Robu,Real Aranjuez CF,Portar,,29,Spania,,https://www.transfermarkt.com/tudor-robu/profil/spieler/475721,https://www.transfermarkt.com/spieler-statistik/legionaere/statistik/stat/land_id/140/land/157
Tudor Suciu,Costa Orientale Sarda,Fundaș central,,18,Italia,Serie D - Girone G,https://www.transfermarkt.com/tudor-suciu/profil/spieler/1283843,https://www.transfermarkt.com/spieler-statistik/legionaere/statistik/stat/land_id/140/land/75/page/5
Vakkas Erceylan,FC Forward-Morges,Fundaș central,,22,Elveția,,https://www.transfermarkt.com/vakkas-erceylan/profil/spieler/922553,https://www.transfermarkt.com/spieler-statistik/legionaere/statistik/stat/land_id/140/land/148
Valentin Mantu,Fiorentina Youth,Extremă dreapta,,,Italia,,https://www.transfermarkt.com/valentin-mantu/profil/spieler/1472270,https://www.transfermarkt.com/spieler-statistik/legionaere/statistik/stat/land_id/140/land/75/page/6
Valentin Medelean,Colonia Moscardó U19,Fundaș central,,19,Spania,,https://www.transfermarkt.com/valentin-medelean/profil/spieler/1008262,https://www.transfermarkt.com/spieler-statistik/legionaere/statistik/stat/land_id/140/land/157/page/2
Valerian Gîrlă,SG Gensingen/Grolsheim,Mijlocaș dreapta,,40,Germania,,https://www.transfermarkt.com/valerian-girla/profil/spieler/47579,https://www.transfermarkt.com/spieler-statistik/legionaere/statistik/stat/land_id/140/land/40
Vasile Chivoiu,SV Trieben,Mijlocaș defensiv,,38,Austria,,https://www.transfermarkt.com/vasile-chivoiu/profil/spieler/241330,https://www.transfermarkt.com/spieler-statistik/legionaere/statistik/stat/land_id/140/land/127
Vasile Sova,Pavlos Melas FC,Portar,,21,Grecia,,https://www.transfermarkt.com/vasile-sova/profil/spieler/1075912,https://www.transfermarkt.com/spieler-statistik/legionaere/statistik/stat/land_id/140/land/56
Vasile-Christian Ungureanu,SV Lindenau,Mijlocaș,,,Germania,,https://www.transfermarkt.com/vasile-christian-ungureanu/profil/spieler/1168250,https://www.transfermarkt.com/spieler-statistik/legionaere/statistik/stat/land_id/140/land/40/page/12
Vasile-Robert Sabados,SC Meschenich,Mijlocaș ofensiv,,23,Germania,,https://www.transfermarkt.com/vasile-robert-sabados/profil/spieler/1104478,https://www.transfermarkt.com/spieler-statistik/legionaere/statistik/stat/land_id/140/land/40/page/11
Victor Costin Drenea,Iraklis Gerolakkos,Portar,,31,Cipru,2. Division,https://www.transfermarkt.com/victor-costin-drenea/profil/spieler/1070204,https://www.transfermarkt.com/spieler-statistik/legionaere/statistik/stat/land_id/140/land/188
Victor Jurian,Afríka Reykjavík,Mijlocaș,,,Islanda,,https://www.transfermarkt.com/victor-jurian/profil/spieler/1390104,https://www.transfermarkt.com/spieler-statistik/legionaere/statistik/stat/land_id/140/land/73
Victor Kroes,Real Betis Balompié U19,Portar,,17,Spania,,https://www.transfermarkt.com/victor-kroes/profil/spieler/1520474,https://www.transfermarkt.com/spieler-statistik/legionaere/statistik/stat/land_id/140/land/157/page/3
Victor Rada,FC Veldidena Innsbruck,Mijlocaș central,,39,Austria,,https://www.transfermarkt.com/victor-rada/profil/spieler/288684,https://www.transfermarkt.com/spieler-statistik/legionaere/statistik/stat/land_id/140/land/127
Victor-Daniel Lascu,Türkspor Eppingen,Portar,,31,Germania,,https://www.transfermarkt.com/victor-daniel-lascu/profil/spieler/1577705,https://www.transfermarkt.com/spieler-statistik/legionaere/statistik/stat/land_id/140/land/40/page/16
Viktor Diaconeasa,FC Germania Bleckenstedt II,Fundaș dreapta,,,Germania,,https://www.transfermarkt.com/viktor-diaconeasa/profil/spieler/138764,https://www.transfermarkt.com/spieler-statistik/legionaere/statistik/stat/land_id/140/land/40/page/3
Viktor Drachner,SV Rust,Fundaș,,32,Germania,,https://www.transfermarkt.com/viktor-drachner/profil/spieler/743001,https://www.transfermarkt.com/spieler-statistik/legionaere/statistik/stat/land_id/140/land/40/page/8
Viorel Razor,Gullfálkinn,Mijlocaș,,,Islanda,,https://www.transfermarkt.com/viorel-razor/profil/spieler/887333,https://www.transfermarkt.com/spieler-statistik/legionaere/statistik/stat/land_id/140/land/73
Vlad Andrei Bănică,SG Prenzlauer Berg 1990,Mijlocaș,,,Germania,,https://www.transfermarkt.com/vlad-andrei-banica/profil/spieler/1457663,https://www.transfermarkt.com/spieler-statistik/legionaere/statistik/stat/land_id/140/land/40/page/15
Vlad Costea,AS Italiana Bern II,Atacant,,25,Elveția,,https://www.transfermarkt.com/vlad-costea/profil/spieler/1526418,https://www.transfermarkt.com/spieler-statistik/legionaere/statistik/stat/land_id/140/land/148
Vlad Logofatu,FSV Frankfurt U17,Mijlocaș ofensiv,,16,Germania,U17 DFB-Nachwuchsliga - Vorrunde Gruppe E,https://www.transfermarkt.com/vlad-logofatu/profil/spieler/1563843,https://www.transfermarkt.com/spieler-statistik/legionaere/statistik/stat/land_id/140/land/40/page/16
Vlad Mocioaca,SpVgg Grün-Weiß Deggendorf,Fundaș central,,24,Germania,,https://www.transfermarkt.com/vlad-mocioaca/profil/spieler/723750,https://www.transfermarkt.com/spieler-statistik/legionaere/statistik/stat/land_id/140/land/40/page/3
Vlad Moisa,Polisportiva Ciampino,Fundaș dreapta,,28,Italia,,https://www.transfermarkt.com/vlad-moisa/profil/spieler/456732,https://www.transfermarkt.com/spieler-statistik/legionaere/statistik/stat/land_id/140/land/75/page/3
Vlad Neculăeș,SG Maifeld-Elztal,Atacant,,32,Germania,,https://www.transfermarkt.com/vlad-neculaes/profil/spieler/942018,https://www.transfermarkt.com/spieler-statistik/legionaere/statistik/stat/land_id/140/land/40/page/9
Vlad Petreanu,TSG 1899 Hoffenheim U17,Extremă dreapta,,16,Germania,U17 DFB-Nachwuchsliga - Vorrunde Gruppe E,https://www.transfermarkt.com/vlad-petreanu/profil/spieler/1398651,https://www.transfermarkt.com/spieler-statistik/legionaere/statistik/stat/land_id/140/land/40/page/14
Vlad Ruja,TSV Steinach,Atacant,,36,Germania,,https://www.transfermarkt.com/vlad-ruja/profil/spieler/280432,https://www.transfermarkt.com/spieler-statistik/legionaere/statistik/stat/land_id/140/land/40/page/4
Vlad Stan Prigoană,SG Quelle Fürth,Fundaș,,27,Germania,Landesliga Bayern Nordost,https://www.transfermarkt.com/vlad-stan-prigoana/profil/spieler/683266,https://www.transfermarkt.com/spieler-statistik/legionaere/statistik/stat/land_id/140/land/40/page/7
Vlad-Gabriel Sica,FC Wiesharde,Mijlocaș stânga,,36,Germania,,https://www.transfermarkt.com/vlad-gabriel-sica/profil/spieler/469549,https://www.transfermarkt.com/spieler-statistik/legionaere/statistik/stat/land_id/140/land/40/page/5
Vlăduț Laza,TSV Lengfeld (Bay.),Mijlocaș,,,Germania,,https://www.transfermarkt.com/vladut-laza/profil/spieler/1037111,https://www.transfermarkt.com/spieler-statistik/legionaere/statistik/stat/land_id/140/land/40/page/10
Voicu Nicoară,SG Bunstruth/Haina/Haubern/Löhlbach,Mijlocaș central,,35,Germania,,https://www.transfermarkt.com/voicu-nicoara/profil/spieler/212828,https://www.transfermarkt.com/spieler-statistik/legionaere/statistik/stat/land_id/140/land/40/page/2
Walter Kötelverö,SC Danubius Waldkraiburg,Atacant,,,Germania,,https://www.transfermarkt.com/walter-kotelvero/profil/spieler/729770,https://www.transfermarkt.com/spieler-statistik/legionaere/statistik/stat/land_id/140/land/40/page/8
Yanis Croitor,Standard Liège U18,Portar,,17,Belgia,U18 Elite 1 - Belgium,https://www.transfermarkt.com/yanis-croitor/profil/spieler/1462225,https://www.transfermarkt.com/spieler-statistik/legionaere/statistik/stat/land_id/140/land/19
Yanis Ganaj,FC Thun U19,Atacant central,,17,Elveția,Swiss U19 Elite League,https://www.transfermarkt.com/yanis-ganaj/profil/spieler/1384621,https://www.transfermarkt.com/spieler-statistik/legionaere/statistik/stat/land_id/140/land/148
Yanis Turcu,Pescara Primavera,Atacant central,,16,Italia,Primavera 2 - B,https://www.transfermarkt.com/yanis-turcu/profil/spieler/1452598,https://www.transfermarkt.com/spieler-statistik/legionaere/statistik/stat/land_id/140/land/75/page/6
Zaid Massoussi,Sassuolo Under 17,Mijlocaș defensiv,,16,Italia,Campionato Under 17 - A,https://www.transfermarkt.com/zaid-massoussi/profil/spieler/1339991,https://www.transfermarkt.com/spieler-statistik/legionaere/statistik/stat/land_id/140/land/75/page/5
Zlatomir Milenovici,SV Jugendkraft Albrechts,Extremă dreapta,,38,Germania,,https://www.transfermarkt.com/zlatomir-milenovici/profil/spieler/48877,https://www.transfermarkt.com/spieler-statistik/legionaere/statistik/stat/land_id/140/land/40
Zoltan Szanto,FC Alemannia Wilferdingen,Portar,,36,Germania,,https://www.transfermarkt.com/zoltan-szanto/profil/spieler/1051358,https://www.transfermarkt.com/spieler-statistik/legionaere/statistik/stat/land_id/140/land/40/page/11
